ward code,ward name,local authority code,local authority name,All usual residents,White British,White Irish,White Gypsy/Irish Traveller,,White Other,Mixed White and Asian,Mixed White and Black African,Mixed White and Black Caribbean,Mixed Other,Asian Bangladeshi,Asian Chinese,Asian Indian,Asian Pakistani,Asian Other,Black African,Black Caribbean,Black Other,Other Arab,Other Any other
E09000001,City of London (aggregated),E09000001,City of London,7375,4243,180,3,,1373,111,37,38,103,232,263,216,16,213,98,46,49,69,85
E05014053,Abbey,E09000002,Barking and Dagenham,3325,496,25,4,,494,35,50,26,35,144,104,701,315,161,503,81,40,23,89
E05014054,Alibon,E09000002,Barking and Dagenham,8926,5156,79,3,,700,54,94,86,62,273,71,173,104,230,1455,206,94,31,55
E05014055,Barking Riverside,E09000002,Barking and Dagenham,5793,1961,26,10,,432,35,91,96,82,298,45,157,167,183,1684,236,174,30,88
E05014056,Beam,E09000002,Barking and Dagenham,7654,3576,137,0,,730,31,98,107,60,187,43,247,93,123,1598,271,191,22,139
E05014057,Becontree,E09000002,Barking and Dagenham,8556,4215,89,5,,594,60,105,144,70,318,56,411,521,283,1116,312,113,34,110
E05014058,Chadwell Heath,E09000002,Barking and Dagenham,11555,6220,142,4,,668,83,163,178,122,400,77,634,466,338,1083,563,204,51,157
E05014059,Eastbrook & Rush Green,E09000002,Barking and Dagenham,8018,5908,99,29,,322,54,39,81,79,68,51,74,69,153,736,155,61,13,28
E05014060,Eastbury,E09000002,Barking and Dagenham,14612,7095,86,9,,1411,103,181,231,153,631,82,382,563,384,2407,361,288,105,140
E05014061,Gascoigne,E09000002,Barking and Dagenham,11266,2968,55,11,,1467,76,249,153,151,444,157,485,712,361,3015,283,340,175,163
E05014062,Goresbrook,E09000002,Barking and Dagenham,12418,7201,121,7,,974,80,119,223,79,289,75,175,149,263,2120,244,188,44,67
E05014063,Heath,E09000002,Barking and Dagenham,7951,4649,84,8,,496,31,69,123,55,153,45,72,82,172,1552,170,144,32,16
E05014064,Longbridge,E09000002,Barking and Dagenham,11478,4016,104,4,,766,100,81,118,161,2011,94,1036,1242,414,681,317,94,87,152
E05014065,Mayesbrook,E09000002,Barking and Dagenham,10985,6440,88,4,,861,64,109,212,106,283,75,222,241,266,1521,209,174,39,71
E05014066,Northbury,E09000002,Barking and Dagenham,10647,1802,57,27,,1122,93,164,93,143,768,78,1162,2021,580,1659,332,249,96,200
E05014067,Parsloes,E09000002,Barking and Dagenham,13396,8373,121,11,,959,89,117,183,101,272,64,163,187,245,1902,284,196,41,90
E05014068,Thames View,E09000002,Barking and Dagenham,3862,1586,24,13,,272,14,59,52,45,233,9,97,123,149,852,145,108,31,48
E05014069,Valence,E09000002,Barking and Dagenham,13406,8273,124,16,,851,78,127,226,110,324,48,352,425,271,1479,349,193,44,115
E05014070,Village,E09000002,Barking and Dagenham,11536,6729,120,7,,736,70,136,172,106,215,70,154,87,209,2146,231,217,50,82
E05014071,Whalebone,E09000002,Barking and Dagenham,10527,5287,148,10,,671,95,76,164,116,390,71,740,440,348,1176,479,160,24,131
E05013628,Barnet Vale,E09000003,Barnet,16112,10057,465,0,,1887,226,96,174,205,82,284,820,130,551,421,162,90,91,370
E05013629,Brunswick Park,E09000003,Barnet,15697,7449,432,10,,2759,259,113,170,275,144,259,1301,202,838,436,253,112,102,583
E05013630,Burnt Oak,E09000003,Barnet,19918,6256,653,30,,2653,274,305,246,302,220,515,1627,403,2217,2319,488,473,448,490
E05013631,Childs Hill,E09000003,Barnet,18805,7073,372,13,,4415,375,161,125,303,102,426,955,283,1448,836,216,156,629,918
E05013632,Colindale North,E09000003,Barnet,10373,2507,186,0,,1478,152,236,131,192,88,536,490,208,917,2101,248,307,312,284
E05013633,Colindale South,E09000003,Barnet,8348,1787,280,2,,1312,127,104,85,120,38,428,1128,415,1061,708,161,144,241,206
E05013634,Cricklewood,E09000003,Barnet,8932,2512,347,11,,1623,168,109,93,161,157,215,388,189,756,876,205,233,549,343
E05013635,East Barnet,E09000003,Barnet,16714,10257,430,1,,2148,284,119,208,223,45,221,737,108,642,517,162,153,123,337
E05013636,East Finchley,E09000003,Barnet,15684,8169,560,8,,2527,300,137,179,258,102,204,846,158,538,820,179,160,141,397
E05013637,Edgware,E09000003,Barnet,18119,8521,310,0,,2214,199,207,120,205,93,411,2096,353,1027,1222,230,160,201,551
E05013638,Edgwarebury,E09000003,Barnet,11917,5892,162,0,,1291,152,82,94,117,61,228,1335,207,651,879,187,115,117,349
E05013639,Finchley Church End,E09000003,Barnet,18011,8438,303,6,,3333,318,110,87,269,96,375,1394,200,1127,639,123,108,186,899
E05013640,Friern Barnet,E09000003,Barnet,18532,8317,587,16,,3100,344,166,289,374,104,361,1373,181,904,1049,305,282,193,588
E05013641,Garden Suburb,E09000003,Barnet,12963,7767,134,4,,2500,196,61,54,131,33,133,389,121,516,236,54,33,101,500
E05013642,Golders Green,E09000003,Barnet,14401,7124,120,2,,3346,191,46,58,139,54,232,743,142,615,387,50,56,117,979
E05013643,Hendon,E09000003,Barnet,20886,8489,321,9,,4708,322,167,129,237,98,725,1466,261,1061,1122,175,112,341,1142
E05013644,High Barnet,E09000003,Barnet,10860,7585,307,4,,988,160,68,64,129,18,110,444,64,360,234,79,34,33,178
E05013645,Mill Hill,E09000003,Barnet,16957,8453,368,12,,2239,306,160,145,219,90,426,1190,407,1042,911,195,149,165,477
E05013646,Totteridge & Woodside,E09000003,Barnet,13207,6192,292,5,,1812,249,85,62,167,48,419,1301,167,1201,438,102,53,201,414
E05013647,Underhill,E09000003,Barnet,12135,7258,361,2,,1100,206,134,113,177,74,216,520,100,541,704,172,129,130,198
E05013648,West Finchley,E09000003,Barnet,19358,7539,545,2,,3372,442,139,141,295,132,514,2649,296,1444,590,191,125,235,708
E05013649,West Hendon,E09000003,Barnet,15771,3742,389,5,,2976,250,107,140,221,151,654,2521,546,1630,1136,270,197,371,466
E05013650,Whetstone,E09000003,Barnet,9881,5148,332,4,,1569,155,75,74,138,83,169,810,88,457,328,99,35,56,261
E05013651,Woodhouse,E09000003,Barnet,12804,5584,429,6,,2249,228,124,118,221,105,199,1396,115,637,481,164,155,127,467
E05011217,Barnehurst,E09000004,Bexley,11119,9437,88,14,,260,76,27,55,58,12,51,164,10,126,561,83,40,3,55
E05011218,Belvedere,E09000004,Bexley,15812,9916,138,102,,820,132,121,145,123,34,165,1055,60,401,1934,270,173,35,187
E05011219,Bexleyheath,E09000004,Bexley,14525,12286,200,29,,370,62,36,83,53,68,135,450,23,207,308,92,33,12,78
E05011220,Blackfen & Lamorbey,E09000004,Bexley,16012,14086,182,12,,411,86,19,74,78,32,128,284,16,214,186,106,21,13,64
E05011221,Blendon & Penhill,E09000004,Bexley,15457,13567,190,14,,325,68,43,99,103,41,128,265,49,181,195,63,28,8,92
E05011222,Crayford,E09000004,Bexley,14021,11825,146,70,,359,65,41,100,57,65,93,221,27,186,616,62,30,20,38
E05011223,Crook Log,E09000004,Bexley,15311,12435,212,15,,410,109,31,92,81,55,244,669,55,341,364,68,27,14,89
E05011224,East Wickham,E09000004,Bexley,15488,12188,217,5,,438,73,42,87,112,62,231,608,55,453,563,139,55,30,128
E05011225,Erith,E09000004,Bexley,10979,6847,101,78,,547,83,109,125,86,23,77,441,74,158,1748,239,143,11,88
E05011226,Falconwood & Welling,E09000004,Bexley,15653,12321,188,15,,551,93,34,104,87,85,239,568,48,400,558,133,71,27,130
E05011227,Longlands,E09000004,Bexley,9749,8476,136,2,,293,53,16,61,49,39,81,168,8,124,100,66,18,13,46
E05011228,Northumberland Heath,E09000004,Bexley,10622,8479,108,47,,246,55,47,82,36,44,80,483,16,170,574,63,42,5,45
E05011229,St Mary's & St James,E09000004,Bexley,10123,8740,122,24,,240,60,35,52,71,22,102,244,24,112,163,51,17,6,40
E05011230,Sidcup,E09000004,Bexley,14528,12121,175,35,,554,89,48,120,90,86,157,262,80,196,297,103,35,26,53
E05011231,Slade Green & Northend,E09000004,Bexley,11371,7694,90,98,,376,78,91,104,79,11,88,136,35,144,1922,196,134,32,62
E05011232,Thamesmead East,E09000004,Bexley,15731,6298,130,46,,947,89,209,207,130,58,419,314,84,456,5297,480,365,41,161
E05011233,West Heath,E09000004,Bexley,15498,12534,173,17,,346,98,35,86,74,40,94,717,69,305,565,166,59,7,115
E05013496,Alperton,E09000005,Brent,10997,829,180,9,,1246,107,29,80,127,64,96,4209,450,1934,353,728,203,170,184
E05013497,Barnhill,E09000005,Brent,11053,1386,247,14,,1564,127,100,120,188,82,229,2101,598,1019,998,791,412,844,233
E05013498,Brondesbury Park,E09000005,Brent,13023,4340,622,10,,2351,205,182,184,275,53,166,826,487,626,751,562,203,792,388
E05013499,Cricklewood & Mapesbury,E09000005,Brent,13707,3974,897,11,,2819,220,119,189,250,63,168,609,651,1042,815,571,341,590,380
E05013500,Dollis Hill,E09000005,Brent,20268,2873,1345,5,,3255,202,159,266,334,127,142,2164,1621,1926,2079,1345,848,1113,465
E05013501,Harlesden & Kensal Green,E09000005,Brent,21292,4333,849,50,,3726,262,326,512,422,60,126,1046,610,1360,2576,2777,1203,543,511
E05013502,Kenton,E09000005,Brent,17285,3425,490,10,,1630,178,49,108,166,85,217,6700,591,1463,514,594,219,585,261
E05013503,Kilburn,E09000005,Brent,16989,4814,852,10,,2813,242,266,332,339,42,263,464,286,881,2109,1429,647,740,460
E05013504,Kingsbury,E09000005,Brent,9617,1506,682,10,,1406,124,69,88,137,84,177,1758,632,1081,636,425,227,359,219
E05013505,Northwick Park,E09000005,Brent,11327,1779,468,0,,1056,156,54,68,104,35,111,3396,871,1501,347,711,168,310,191
E05013506,Preston,E09000005,Brent,10886,1485,190,1,,1618,158,97,83,155,83,178,2996,543,1254,604,544,214,457,226
E05013507,Queens Park,E09000005,Brent,18167,7120,779,7,,3181,282,221,350,429,59,184,843,231,791,916,1304,523,503,446
E05013508,Queensbury,E09000005,Brent,15684,2009,455,8,,1865,167,54,125,151,111,185,5987,714,1740,686,518,217,485,209
E05013509,Roundwood,E09000005,Brent,15865,2318,641,52,,2440,135,248,356,355,112,115,946,665,1058,2395,2195,973,555,306
E05013510,Stonebridge,E09000005,Brent,16903,2000,446,24,,1503,136,249,392,293,127,64,1036,521,1120,3635,2775,1563,623,396
E05013511,Sudbury,E09000005,Brent,12553,1247,295,7,,1286,129,81,148,132,80,88,3659,797,2262,643,832,343,267,256
E05013512,Tokyngton,E09000005,Brent,9373,626,315,13,,1023,47,77,99,100,84,61,2778,660,832,621,1338,294,249,157
E05013513,Welsh Harp,E09000005,Brent,16954,2848,1026,15,,2546,175,109,178,285,105,134,3146,845,1535,992,1211,485,959,362
E05013514,Wembley Central,E09000005,Brent,15302,994,192,18,,805,94,51,132,132,95,47,7763,829,2024,572,851,313,240,150
E05013515,Wembley Hill,E09000005,Brent,13289,1341,314,11,,1657,191,88,121,168,100,159,3769,850,1703,799,982,408,360,268
E05013516,Wembley Park,E09000005,Brent,1684,195,21,0,,238,21,18,27,29,4,62,444,81,137,133,109,58,74,32
E05013517,Willesden Green,E09000005,Brent,18997,4445,1017,35,,4325,285,175,336,449,94,280,1378,848,1298,1217,1131,657,613,413
E05013987,Beckenham Town & Copers Cope,E09000006,Bromley,14339,10309,319,6,,1202,171,84,160,165,27,189,394,47,252,462,290,71,76,116
E05013988,Bickley & Sundridge,E09000006,Bromley,16949,13230,272,5,,1015,211,47,109,119,50,200,615,63,331,279,159,51,69,122
E05013989,Biggin Hill,E09000006,Bromley,10631,9917,64,2,,207,26,15,86,31,18,18,48,13,40,44,48,2,7,46
E05013990,Bromley Common & Holwood,E09000006,Bromley,16442,13183,233,18,,791,157,79,216,143,65,104,264,40,308,408,223,86,59,66
E05013991,Bromley Town,E09000006,Bromley,13447,9486,231,6,,1134,183,76,165,173,59,180,502,62,317,358,212,71,109,122
E05013992,Chelsfield,E09000006,Bromley,11276,9665,99,8,,331,92,27,61,65,25,135,298,18,148,171,49,20,27,39
E05013993,Chislehurst,E09000006,Bromley,14235,11677,164,2,,700,127,30,98,89,140,183,323,94,157,185,96,37,25,109
E05013994,Clock House,E09000006,Bromley,16298,11490,350,18,,1112,199,107,321,223,98,134,267,64,254,638,694,217,30,83
E05013995,Crystal Palace & Anerley,E09000006,Bromley,10539,5120,219,13,,1165,121,151,388,173,76,75,174,49,207,1151,948,351,51,104
E05013996,Darwin,E09000006,Bromley,5255,4809,48,11,,136,31,5,63,22,3,12,30,8,28,18,17,2,1,12
E05013997,Farnborough & Crofton,E09000006,Bromley,16866,14727,136,10,,449,131,36,60,68,29,122,395,67,279,171,50,24,42,69
E05013998,Hayes & Coney Hall,E09000006,Bromley,15136,13300,211,9,,519,104,20,134,80,22,77,147,27,123,118,135,32,16,61
E05013999,Kelsey & Eden Park,E09000006,Bromley,15063,11619,324,1,,664,211,57,252,148,51,134,311,56,230,339,381,125,27,133
E05014000,Mottingham,E09000006,Bromley,10583,7934,117,12,,598,83,42,186,78,18,87,236,13,202,516,259,115,17,69
E05014001,Orpington,E09000006,Bromley,11417,9324,122,40,,442,98,47,82,72,44,146,133,25,178,409,121,41,9,84
E05014002,Penge & Cator,E09000006,Bromley,18304,9825,368,18,,1573,236,171,548,288,187,158,323,122,390,1771,1560,478,106,181
E05014003,Petts Wood & Knoll,E09000006,Bromley,16510,14014,201,7,,640,145,26,71,106,64,178,399,40,270,183,66,18,12,71
E05014004,Plaistow,E09000006,Bromley,12199,8693,205,2,,798,126,62,224,121,59,103,284,39,231,527,427,133,49,117
E05014005,Shortlands & Park Langley,E09000006,Bromley,15939,12168,230,5,,1052,216,52,171,135,48,164,486,77,298,287,208,87,82,173
E05014006,St Mary Cray,E09000006,Bromley,17682,14386,166,167,,642,85,79,154,121,97,124,185,10,194,840,229,117,20,65
E05014007,St Paul's Cray,E09000006,Bromley,15760,12433,133,216,,618,109,79,196,122,57,142,136,41,178,835,211,141,27,87
E05014008,West Wickham,E09000006,Bromley,14523,12171,252,3,,561,154,46,151,107,28,103,266,38,190,109,225,37,9,73
E05013652,Belsize,E09000007,Camden,13085,5826,280,0,,3848,295,74,73,265,133,367,494,92,581,190,106,54,111,296
E05013653,Bloomsbury,E09000007,Camden,14616,5572,340,4,,2779,266,96,91,248,718,1344,676,157,833,523,169,229,242,327
E05013654,Camden Square,E09000007,Camden,7941,3574,256,7,,1292,98,59,121,177,550,230,121,32,225,593,157,247,86,119
E05013655,Camden Town,E09000007,Camden,6787,2959,289,7,,1175,119,55,87,145,509,121,136,25,210,441,128,159,95,126
E05013656,Fortune Green,E09000007,Camden,11913,5427,518,9,,2510,248,74,165,225,229,199,393,115,446,435,181,183,272,281
E05013657,Frognal,E09000007,Camden,8197,3819,181,2,,2101,225,38,60,186,51,200,340,72,381,112,79,45,82,222
E05013658,Gospel Oak,E09000007,Camden,12532,6065,451,15,,1997,222,145,222,269,721,178,204,49,449,606,259,226,130,323
E05013659,Hampstead Town,E09000007,Camden,8913,5072,185,7,,2248,231,32,42,143,19,140,191,31,233,87,45,25,40,144
E05013660,Haverstock,E09000007,Camden,12418,5621,434,19,,1758,186,125,206,236,1033,230,159,72,401,881,259,309,200,288
E05013661,Highgate,E09000007,Camden,10654,6547,379,6,,1572,257,70,181,161,208,80,107,10,208,310,166,109,48,235
E05013662,Holborn & Covent Garden,E09000007,Camden,11906,4740,312,13,,2133,268,89,124,191,1229,609,333,86,431,601,138,187,192,230
E05013663,Kentish Town North,E09000007,Camden,7827,4325,361,8,,1133,143,56,133,155,281,83,159,25,235,282,126,66,118,137
E05013664,Kentish Town South,E09000007,Camden,10245,5195,387,14,,1577,152,111,144,221,476,152,169,70,273,642,180,196,109,176
E05013665,Kilburn,E09000007,Camden,11523,3996,633,15,,2228,148,95,144,234,488,165,291,76,536,1006,292,305,492,379
E05013666,King's Cross,E09000007,Camden,10558,3319,242,2,,1726,112,105,105,285,1405,583,322,95,559,708,271,299,167,254
E05013667,Primrose Hill,E09000007,Camden,12811,5957,335,5,,2869,223,100,106,185,317,273,405,102,656,497,115,194,159,314
E05013668,Regent's Park,E09000007,Camden,13528,4962,331,8,,2235,190,121,115,199,1621,570,435,94,621,842,228,290,338,328
E05013669,St Pancras & Somers Town,E09000007,Camden,12677,4434,397,12,,1636,138,167,144,272,1973,391,260,72,504,1167,242,339,220,309
E05013670,South Hampstead,E09000007,Camden,11145,4637,298,9,,2767,184,59,96,152,271,339,524,126,639,343,140,99,164,298
E05013671,West Hampstead,E09000007,Camden,11063,4888,444,5,,2313,177,128,135,198,269,241,363,89,459,535,216,201,166,237
E05011462,Addiscombe East,E09000008,Croydon,11566,6012,276,11,,787,201,112,306,196,101,141,727,229,437,618,883,339,40,149
E05011463,Addiscombe West,E09000008,Croydon,13972,5958,227,5,,1354,249,134,366,288,102,281,1443,334,793,884,931,349,73,202
E05011464,Bensham Manor,E09000008,Croydon,16201,3079,170,11,,1040,226,161,448,297,146,105,1804,1148,1311,2163,2836,903,70,283
E05011465,Broad Green,E09000008,Croydon,18271,4053,150,29,,1194,264,190,515,300,191,189,2474,1058,2435,2124,1745,869,104,388
E05011466,Coulsdon Town,E09000008,Croydon,12288,9095,235,6,,378,180,62,207,138,37,99,548,163,361,230,294,123,36,98
E05011467,Crystal Palace & Upper Norwood,E09000008,Croydon,15650,7009,331,10,,1631,220,222,534,327,115,168,481,219,488,1437,1487,694,61,215
E05011468,Fairfield,E09000008,Croydon,8586,3038,140,3,,982,159,102,273,202,54,234,807,230,521,729,496,389,90,137
E05011469,Kenley,E09000008,Croydon,10346,7557,149,0,,431,145,54,143,110,34,87,434,120,278,290,277,123,33,81
E05011470,New Addington North,E09000008,Croydon,10920,6608,99,2,,366,67,127,460,119,18,50,73,92,208,1491,668,363,31,78
E05011471,New Addington South,E09000008,Croydon,11431,8350,118,19,,265,82,63,257,131,22,44,108,81,158,976,412,217,32,96
E05011472,Norbury & Pollards Hill,E09000008,Croydon,12037,2632,200,6,,1438,188,157,279,240,133,139,1354,1047,656,1062,1667,547,86,206
E05011473,Norbury Park,E09000008,Croydon,10211,2878,193,9,,963,132,83,218,178,278,147,1264,807,406,736,1218,463,56,183
E05011474,Old Coulsdon,E09000008,Croydon,9708,7825,195,6,,240,124,66,176,105,10,67,168,35,163,174,202,95,14,41
E05011475,Park Hill & Whitgift,E09000008,Croydon,5537,2380,77,0,,376,82,14,54,63,31,128,1355,126,313,180,137,117,43,61
E05011476,Purley & Woodcote,E09000008,Croydon,15713,9576,317,8,,925,327,108,253,216,74,169,1222,420,738,388,501,219,83,168
E05011477,Purley Oaks & Riddlesdown,E09000008,Croydon,10357,6321,155,3,,524,179,62,206,145,63,131,614,208,479,475,415,198,44,134
E05011478,Sanderstead,E09000008,Croydon,15161,11544,194,5,,489,216,62,202,142,31,142,735,201,380,253,309,122,35,96
E05011479,Selhurst,E09000008,Croydon,11489,3039,124,7,,827,179,129,398,259,116,121,866,425,782,1552,1616,765,78,208
E05011480,Selsdon & Addington Village,E09000008,Croydon,10084,6973,151,2,,412,113,33,135,86,52,79,496,191,338,446,317,150,22,87
E05011481,Selsdon Vale & Forestdale,E09000008,Croydon,9551,7422,91,1,,335,97,35,115,71,38,40,284,63,253,333,170,119,29,56
E05011482,Shirley North,E09000008,Croydon,14968,9385,217,20,,615,175,121,404,192,70,152,670,217,499,822,883,338,54,133
E05011483,Shirley South,E09000008,Croydon,10834,6592,162,4,,430,113,68,182,155,116,88,523,179,399,891,506,294,25,108
E05011484,South Croydon,E09000008,Croydon,16192,9036,279,0,,1425,284,129,401,263,97,226,940,275,653,783,705,389,83,224
E05011485,South Norwood,E09000008,Croydon,15159,4789,233,7,,1040,187,227,672,326,83,180,375,341,577,2123,2672,1065,76,187
E05011486,Thornton Heath,E09000008,Croydon,16901,4190,244,5,,1122,224,230,652,322,118,142,696,588,756,2592,3523,1137,94,266
E05011487,Waddon,E09000008,Croydon,16021,7162,235,24,,1322,244,165,510,327,110,264,898,304,881,1413,1181,592,110,280
E05011488,West Thornton,E09000008,Croydon,17489,2956,121,20,,1019,219,142,485,284,233,148,2769,1488,1829,1886,2535,899,117,339
E05011489,Woodside,E09000008,Croydon,16734,6279,287,10,,923,264,220,800,344,99,162,531,276,514,1929,2735,1077,85,199
E05013518,Central Greenford,E09000009,Ealing,13269,3178,460,2,,2821,134,63,111,175,84,164,1774,522,1470,531,695,235,421,431
E05013519,Dormers Wells,E09000009,Ealing,14293,1485,196,12,,922,153,76,127,111,128,79,4486,1302,2190,1210,667,380,188,583
E05013520,Ealing Broadway,E09000009,Ealing,12799,5803,480,2,,2655,272,81,113,196,26,293,908,168,694,249,209,97,255,298
E05013521,Ealing Common,E09000009,Ealing,15746,6934,623,7,,3216,253,94,194,247,45,290,933,257,882,442,362,169,441,358
E05013522,East Acton,E09000009,Ealing,14534,4161,451,37,,2747,184,194,218,237,80,302,609,468,891,1171,736,309,1306,432
E05013523,Greenford Broadway,E09000009,Ealing,15424,4432,506,11,,2123,201,116,316,216,73,138,1505,688,1775,1009,953,360,484,519
E05013524,Hanger Hill,E09000009,Ealing,16406,5344,449,20,,3659,259,67,103,335,54,394,1353,387,1597,365,248,183,1080,511
E05013525,Hanwell Broadway,E09000009,Ealing,13650,5669,750,7,,2444,189,84,241,201,47,138,644,410,742,639,571,277,303,294
E05013526,Lady Margaret,E09000009,Ealing,15392,1662,235,7,,1015,155,64,131,102,106,49,5694,1424,2374,510,621,241,240,761
E05013527,North Acton,E09000009,Ealing,15284,4779,575,58,,3247,233,172,177,260,65,342,700,322,1232,866,672,261,859,465
E05013528,North Greenford,E09000009,Ealing,15271,3561,463,13,,2636,119,57,198,157,127,208,2637,817,1836,611,875,254,373,329
E05013529,North Hanwell,E09000009,Ealing,14229,5494,689,12,,2670,225,114,267,228,25,138,754,341,889,689,683,297,324,390
E05013530,Northfield,E09000009,Ealing,14406,7649,763,1,,2565,237,67,145,223,33,323,777,170,505,237,295,99,106,211
E05013531,Northolt Mandeville,E09000009,Ealing,15672,5157,406,27,,2017,188,68,237,175,90,150,1319,480,2188,1102,966,341,383,377
E05013532,Northolt West End,E09000009,Ealing,15121,5089,319,17,,1367,182,112,300,231,94,105,1266,624,1618,1527,939,461,449,421
E05013533,Norwood Green,E09000009,Ealing,13417,2079,200,2,,670,162,80,132,154,81,30,4106,1115,1514,1226,548,467,168,684
E05013534,Perivale,E09000009,Ealing,15364,3114,410,4,,3452,189,54,152,200,114,201,2304,646,1716,368,768,197,952,525
E05013535,Pitshanger,E09000009,Ealing,14558,6235,553,3,,2396,299,90,156,219,49,157,837,271,812,902,398,290,325,566
E05013536,South Acton,E09000009,Ealing,15117,4610,538,19,,3029,216,129,224,227,97,199,548,287,1071,1492,668,594,574,593
E05013537,Southall Broadway,E09000009,Ealing,9657,393,34,9,,250,74,11,36,39,117,26,4499,1447,1588,333,183,164,52,403
E05013538,Southall Green,E09000009,Ealing,13677,645,81,13,,472,109,38,66,91,84,22,6506,1396,1908,844,350,319,56,676
E05013539,Southall West,E09000009,Ealing,5630,208,15,4,,123,39,12,24,29,103,9,2696,755,985,228,101,99,28,171
E05013540,Southfield,E09000009,Ealing,14918,8212,534,8,,2884,269,74,130,220,27,194,442,152,472,381,341,155,240,183
E05013541,Walpole,E09000009,Ealing,14614,7141,698,5,,2674,312,73,143,213,38,181,944,262,622,367,344,119,198,280
E05013672,Arnos Grove,E09000010,Enfield,8152,3433,295,8,,1950,132,49,56,135,94,123,692,97,300,192,166,79,44,306
E05013673,Bowes,E09000010,Enfield,9890,2378,185,8,,3175,106,76,131,193,192,128,653,149,463,598,522,175,80,677
E05013674,Brimsdown,E09000010,Enfield,15868,5993,247,13,,2935,202,138,307,353,368,79,270,87,467,1973,1049,466,106,813
E05013675,Bullsmoor,E09000010,Enfield,10682,4931,165,22,,1628,141,82,207,182,124,64,142,51,295,1220,664,313,38,415
E05013676,Bush Hill Park,E09000010,Enfield,12778,7161,444,8,,2070,142,69,147,178,103,69,451,168,337,389,456,163,30,394
E05013677,Carterhatch,E09000010,Enfield,11228,4316,123,24,,1938,144,90,219,256,354,62,194,63,469,1369,629,318,69,589
E05013678,Cockfosters,E09000010,Enfield,9389,5075,213,0,,1762,132,45,63,125,56,126,541,78,354,293,114,67,20,326
E05013679,Edmonton Green,E09000010,Enfield,16724,3325,167,20,,3081,229,203,311,327,588,95,451,116,868,3289,1612,936,160,947
E05013680,Enfield Lock,E09000010,Enfield,16516,6288,205,25,,2556,183,175,366,350,174,71,324,92,507,2499,1244,607,90,761
E05013681,Grange Park,E09000010,Enfield,8161,5006,329,1,,1272,104,32,67,102,25,65,293,58,218,148,153,59,34,195
E05013682,Haselbury,E09000010,Enfield,17479,4050,244,15,,3691,249,147,332,307,457,102,720,136,1012,2208,1708,781,167,1154
E05013683,Highfield,E09000010,Enfield,9643,3082,252,7,,2575,120,49,102,195,105,41,728,167,387,499,464,214,85,570
E05013684,Jubilee,E09000010,Enfield,15607,4466,255,19,,2916,196,114,270,260,380,76,480,110,827,2049,1458,622,130,980
E05013685,Lower Edmonton,E09000010,Enfield,16294,3440,287,53,,2851,219,147,338,371,340,112,461,143,954,2900,1807,814,119,939
E05013686,New Southgate,E09000010,Enfield,10613,3718,311,5,,2465,184,99,156,224,163,189,945,109,545,603,313,183,77,324
E05013687,Oakwood,E09000010,Enfield,8472,4174,181,5,,1728,126,38,104,133,85,107,610,103,334,182,152,50,42,318
E05013688,Palmers Green,E09000010,Enfield,10042,4364,373,12,,2400,183,105,121,198,98,70,445,151,291,308,310,133,52,428
E05013689,Ponders End,E09000010,Enfield,12311,3058,170,28,,2149,144,84,247,270,999,66,276,134,452,2083,898,477,91,687
E05013690,Ridgeway,E09000010,Enfield,12135,8123,325,11,,1353,147,58,121,125,74,124,369,68,324,304,212,97,50,250
E05013691,Southbury,E09000010,Enfield,14505,7186,370,8,,2160,207,125,275,282,181,144,317,97,576,1055,613,299,66,544
E05013692,Southgate,E09000010,Enfield,14409,6637,413,2,,2940,251,77,142,293,121,386,886,167,618,438,277,128,77,555
E05013693,Town,E09000010,Enfield,12438,8424,433,21,,1313,150,82,163,180,82,63,241,22,253,330,284,109,20,267
E05013694,Upper Edmonton,E09000010,Enfield,15046,2938,162,22,,2863,190,141,311,343,305,100,481,130,1007,2434,1657,770,201,989
E05013695,Whitewebbs,E09000010,Enfield,14054,9385,325,3,,1426,147,102,189,199,82,51,276,40,345,620,344,170,50,297
E05013696,Winchmore Hill,E09000010,Enfield,10030,5498,426,2,,1750,162,57,107,177,50,73,403,61,260,238,228,100,31,406
E05014072,Abbey Wood,E09000011,Greenwich,16151,7537,196,108,,806,109,243,262,183,117,124,414,136,729,3876,556,469,46,239
E05014073,Blackheath Westcombe,E09000011,Greenwich,15099,10561,391,12,,1618,220,72,137,160,17,184,305,49,289,495,228,134,63,163
E05014074,Charlton Hornfair,E09000011,Greenwich,11171,6040,214,7,,937,124,98,202,173,95,223,327,93,661,1280,316,206,31,147
E05014075,Charlton Village & Riverside,E09000011,Greenwich,9776,5031,196,5,,925,88,114,204,135,78,258,325,123,604,986,347,190,23,144
E05014076,East Greenwich,E09000011,Greenwich,9501,5734,253,5,,1161,153,77,141,132,71,283,170,35,271,526,247,96,33,115
E05014077,Eltham Page,E09000011,Greenwich,8665,5710,115,4,,758,56,43,117,80,19,175,154,53,236,697,174,95,68,112
E05014078,Eltham Park & Progress,E09000011,Greenwich,10243,8313,223,3,,576,76,35,79,87,16,167,151,15,148,154,90,27,10,73
E05014079,Eltham Town & Avery Hill,E09000011,Greenwich,14835,11378,287,8,,882,103,67,160,110,85,243,305,58,283,482,152,74,19,139
E05014080,Greenwich Creekside,E09000011,Greenwich,7694,3235,178,4,,1077,89,85,147,168,42,421,233,53,397,832,328,209,69,126
E05014081,Greenwich Park,E09000011,Greenwich,8833,5173,246,15,,1101,131,85,130,145,13,183,160,42,264,664,249,111,43,79
E05014082,Greenwich Peninsula,E09000011,Greenwich,4288,1704,69,1,,736,63,23,68,84,13,280,387,78,339,223,91,42,29,56
E05014083,Kidbrooke Park,E09000011,Greenwich,9840,5592,190,8,,874,96,90,116,158,92,243,357,99,337,958,284,157,43,146
E05014084,Kidbrooke Village & Sutcliffe,E09000011,Greenwich,2663,1443,63,1,,250,27,25,32,30,12,75,49,17,141,299,103,31,15,51
E05014085,Middle Park & Horn Park,E09000011,Greenwich,9215,5929,173,6,,765,71,72,171,97,33,122,158,74,301,582,304,136,41,180
E05014086,"Mottingham, Coldharbour & New Eltham",E09000011,Greenwich,14032,10323,178,4,,921,101,71,188,91,104,187,257,44,235,557,331,147,50,243
E05014087,Plumstead & Glyndon,E09000011,Greenwich,20619,6304,295,76,,1341,195,276,317,234,271,232,1611,688,3220,3484,970,612,65,429
E05014088,Plumstead Common,E09000011,Greenwich,14715,7957,237,26,,766,165,114,265,202,59,104,701,244,703,1893,650,334,56,239
E05014089,Shooters Hill,E09000011,Greenwich,11152,5283,208,11,,765,118,137,179,185,75,139,304,129,528,2007,478,409,48,148
E05014090,Thamesmead Moorings,E09000011,Greenwich,12498,4495,83,17,,832,54,236,190,133,50,200,121,51,259,4711,427,458,25,155
E05014091,West Thamesmead,E09000011,Greenwich,10887,3252,71,57,,1231,92,202,205,149,110,323,303,150,439,3248,484,322,84,165
E05014092,Woolwich Arsenal,E09000011,Greenwich,7985,3122,126,4,,1016,72,136,141,134,40,229,282,76,511,1474,273,169,67,113
E05014093,Woolwich Common,E09000011,Greenwich,12211,4478,140,21,,810,84,205,270,159,97,290,518,157,998,2733,523,433,51,242
E05014094,Woolwich Dockyard,E09000011,Greenwich,12484,4537,159,27,,1002,75,193,289,174,135,375,244,129,865,3003,447,579,91,160
E05009367,Brownswood,E09000012,Hackney,8168,3519,250,6,,1628,145,72,107,172,174,148,168,54,288,509,347,178,113,290
E05009368,Cazenove,E09000012,Hackney,14344,5177,235,31,,2686,151,115,215,227,336,110,1110,111,262,1246,930,385,63,954
E05009369,Clissold,E09000012,Hackney,13115,6090,367,7,,2074,190,165,278,270,229,104,281,74,285,803,854,440,56,550
E05009370,Dalston,E09000012,Hackney,7672,3185,205,11,,1343,130,68,94,188,188,137,129,48,223,591,538,269,73,253
E05009371,De Beauvoir,E09000012,Hackney,8429,3803,213,14,,1334,141,91,125,178,94,105,180,48,247,874,401,244,52,286
E05009372,Hackney Central,E09000012,Hackney,12425,3984,259,35,,1577,174,168,282,266,394,170,295,81,466,1901,1222,569,89,491
E05009373,Hackney Downs,E09000012,Hackney,12921,4147,243,33,,1816,171,186,274,306,491,129,764,128,269,1528,1241,576,96,523
E05009374,Hackney Wick,E09000012,Hackney,11792,4109,238,52,,1312,104,136,340,216,307,158,172,69,327,1902,1227,612,110,402
E05009375,Haggerston,E09000012,Hackney,12859,4007,285,16,,2117,148,145,237,249,500,270,213,63,444,1902,994,577,96,597
E05009376,Homerton,E09000012,Hackney,11757,3316,184,7,,1605,110,231,286,300,338,214,244,91,368,2046,1147,756,86,429
E05009377,Hoxton East & Shoreditch,E09000012,Hackney,11912,4262,223,15,,2278,170,165,229,289,213,355,204,45,470,1398,654,387,114,441
E05009378,Hoxton West,E09000012,Hackney,12394,4195,248,7,,2217,165,176,258,271,277,373,257,47,517,1613,604,451,144,575
E05009379,King's Park,E09000012,Hackney,12704,3226,243,85,,1604,133,166,324,264,347,146,375,179,280,2362,1602,791,100,476
E05009380,Lea Bridge,E09000012,Hackney,13994,4255,272,50,,2136,203,201,338,309,474,140,1041,291,374,1415,1367,556,41,532
E05009381,London Fields,E09000012,Hackney,12067,4709,310,10,,1910,124,121,205,235,399,160,197,54,369,1207,1096,447,64,449
E05009382,Shacklewell,E09000012,Hackney,8717,2742,192,13,,1461,104,92,163,198,220,105,246,72,294,1148,813,387,73,393
E05009383,Springfield,E09000012,Hackney,15855,5652,167,29,,3306,126,114,278,243,272,86,567,90,238,1459,1148,599,69,1411
E05009384,Stamford Hill West,E09000012,Hackney,10271,5052,181,6,,2070,70,59,142,123,87,54,234,28,171,440,435,221,60,838
E05009385,Stoke Newington,E09000012,Hackney,13609,6132,391,11,,2065,231,132,275,273,214,112,572,183,270,835,988,415,68,443
E05009386,Victoria,E09000012,Hackney,12328,5063,305,19,,1604,129,144,339,236,410,165,176,78,315,1378,979,541,63,385
E05009387,Woodberry Down,E09000012,Hackney,8936,2405,206,19,,1754,100,118,200,182,217,196,173,71,268,1420,580,314,91,620
E05013733,Addison,E09000013,Hammersmith and Fulham,7793,3220,297,10,,1783,116,50,104,146,19,142,140,103,270,448,354,181,167,242
E05013734,Avonmore,E09000013,Hammersmith and Fulham,8274,2940,297,2,,1959,168,68,76,163,41,269,252,77,534,398,184,99,429,320
E05013735,Brook Green,E09000013,Hammersmith and Fulham,8262,3939,270,1,,1860,135,50,93,130,30,165,220,45,315,248,161,86,313,203
E05013736,College Park & Old Oak,E09000013,Hammersmith and Fulham,9175,2898,333,19,,1337,105,65,243,217,43,155,229,130,639,918,703,316,491,334
E05013737,Coningham,E09000013,Hammersmith and Fulham,11117,4506,474,26,,1928,132,140,232,196,100,143,209,110,454,758,775,324,316,296
E05013738,Fulham Reach,E09000013,Hammersmith and Fulham,12240,5791,420,12,,2513,170,59,140,196,43,292,351,97,612,431,428,164,250,273
E05013739,Fulham Town,E09000013,Hammersmith and Fulham,7813,4335,268,6,,1837,100,29,75,118,28,89,89,25,173,202,97,89,117,138
E05013740,Grove,E09000013,Hammersmith and Fulham,7439,3812,298,4,,1284,163,30,105,123,37,112,115,97,223,319,245,131,172,169
E05013741,Hammersmith Broadway,E09000013,Hammersmith and Fulham,6538,2785,262,11,,1170,90,54,125,117,51,112,114,69,241,494,297,171,188,187
E05013742,Lillie,E09000013,Hammersmith and Fulham,6210,2612,184,5,,1196,90,42,112,102,22,126,134,88,283,419,257,148,204,185
E05013743,Munster,E09000013,Hammersmith and Fulham,12675,6901,490,15,,2766,165,60,115,209,60,176,215,75,293,292,270,175,204,196
E05013744,Palace & Hurlingham,E09000013,Hammersmith and Fulham,11499,6898,321,1,,2300,160,65,99,190,28,127,151,27,262,268,175,92,149,185
E05013745,Parsons Green & Sandford,E09000013,Hammersmith and Fulham,8115,4613,228,8,,1874,171,58,54,77,42,74,104,34,168,136,111,65,153,143
E05013746,Ravenscourt,E09000013,Hammersmith and Fulham,7204,3481,252,10,,1176,112,58,109,103,35,135,110,47,283,425,247,128,210,282
E05013747,Sands End,E09000013,Hammersmith and Fulham,9464,4479,243,0,,1653,129,81,213,156,43,195,129,87,442,546,349,228,256,237
E05013748,Shepherd's Bush Green,E09000013,Hammersmith and Fulham,5492,1764,200,8,,979,82,73,119,104,38,77,109,69,304,619,381,193,179,192
E05013749,Walham Green,E09000013,Hammersmith and Fulham,7705,3549,220,8,,1690,99,67,119,128,43,130,102,59,274,493,255,96,195,178
E05013750,Wendell Park,E09000013,Hammersmith and Fulham,7693,3677,264,11,,1365,117,127,128,115,20,139,183,50,265,466,247,156,189,173
E05013751,West Kensington,E09000013,Hammersmith and Fulham,10399,3992,288,14,,2305,164,91,123,200,69,290,222,110,555,598,407,261,374,335
E05013752,White City,E09000013,Hammersmith and Fulham,9759,2693,380,26,,1554,103,136,204,178,169,110,131,137,503,1483,711,521,338,383
E05013753,Wormholt,E09000013,Hammersmith and Fulham,7627,3105,333,20,,1166,79,93,181,163,96,83,142,76,282,590,458,218,335,209
E05013585,Alexandra Park,E09000014,Haringey,9210,5571,298,9,,1445,218,85,139,158,40,81,194,46,186,236,208,100,37,163
E05013586,Bounds Green,E09000014,Haringey,9518,3030,336,3,,2454,150,95,208,171,166,143,386,94,316,774,526,245,71,349
E05013587,Bruce Castle,E09000014,Haringey,13162,2259,270,21,,2957,164,183,285,327,228,143,206,119,485,2451,1717,552,106,688
E05013588,Crouch End,E09000014,Haringey,13292,8091,464,6,,2239,236,96,167,251,55,107,206,34,298,259,312,111,62,297
E05013589,Fortis Green,E09000014,Haringey,12701,7667,383,13,,2129,292,77,190,230,33,139,272,55,283,262,220,142,44,273
E05013590,Harringay,E09000014,Haringey,13847,4651,447,23,,3992,222,128,218,316,356,238,409,137,448,702,650,235,169,506
E05013591,Hermitage & Gardens,E09000014,Haringey,8166,2100,247,8,,2367,125,66,131,147,184,163,201,61,267,831,613,187,90,376
E05013592,Highgate,E09000014,Haringey,13688,8143,377,8,,2564,239,76,180,255,24,197,301,78,306,252,246,85,84,273
E05013593,Hornsey,E09000014,Haringey,14036,7281,544,14,,2128,245,126,263,308,122,129,277,64,342,763,711,214,142,363
E05013594,Muswell Hill,E09000014,Haringey,9072,5728,246,6,,1576,187,61,98,177,17,85,121,27,148,177,154,52,53,158
E05013595,Noel Park,E09000014,Haringey,13529,3332,380,13,,3707,181,119,320,301,375,326,430,146,514,1156,1092,420,198,520
E05013596,Northumberland Park,E09000014,Haringey,13969,2483,220,19,,2788,116,229,365,266,175,125,250,125,479,2788,2032,711,139,659
E05013597,St Ann's,E09000014,Haringey,10560,2230,242,32,,2915,131,107,188,255,362,164,224,111,490,1224,944,365,87,488
E05013598,Seven Sisters,E09000014,Haringey,8937,1775,228,14,,2367,152,111,199,266,208,147,189,47,350,1129,933,345,75,402
E05013599,South Tottenham,E09000014,Haringey,15012,4061,243,16,,3816,147,120,292,275,262,193,310,100,465,1651,1472,432,130,1026
E05013600,Stroud Green,E09000014,Haringey,11640,6104,473,10,,1989,174,107,194,237,92,119,142,37,241,523,614,203,78,301
E05013601,Tottenham Central,E09000014,Haringey,13328,2497,257,39,,3315,166,166,258,281,362,259,298,111,533,2031,1536,490,109,622
E05013602,Tottenham Hale,E09000014,Haringey,7736,1331,129,19,,1918,50,117,176,173,142,207,225,99,333,1134,876,322,155,330
E05013603,West Green,E09000014,Haringey,14863,3273,392,26,,4089,180,191,278,308,438,307,385,175,494,1877,1102,535,149,666
E05013604,White Hart Lane,E09000014,Haringey,13602,3198,367,43,,3105,157,209,355,330,414,215,359,158,546,1557,1259,489,125,713
E05013605,Woodside,E09000014,Haringey,15059,3618,452,27,,4691,208,141,351,313,362,256,560,97,600,1260,869,471,129,653
E05013542,Belmont,E09000015,Harrow,8920,2944,280,2,,683,88,50,49,93,30,92,2816,243,738,250,177,98,170,118
E05013543,Canons,E09000015,Harrow,8888,3670,160,8,,805,130,34,39,100,36,170,2212,163,568,345,74,91,120,164
E05013544,Centenary,E09000015,Harrow,12737,2301,365,11,,1028,168,56,56,91,79,109,5244,387,1565,449,242,218,209,159
E05013545,Edgware,E09000015,Harrow,14509,2426,425,20,,2145,168,81,87,141,120,206,4628,536,1598,900,310,229,275,213
E05013546,Greenhill,E09000015,Harrow,7733,1834,227,2,,843,113,54,73,109,32,150,2309,323,700,277,241,144,182,119
E05013547,Harrow on the Hill,E09000015,Harrow,10353,3877,336,11,,1077,239,54,135,128,27,202,1989,298,832,356,290,169,183,149
E05013548,Harrow Weald,E09000015,Harrow,13875,5516,712,5,,807,231,63,195,161,100,117,2473,359,1277,634,439,311,250,224
E05013549,Hatch End,E09000015,Harrow,9033,4311,225,1,,603,104,23,68,121,22,64,2302,183,511,136,129,60,77,97
E05013550,Headstone,E09000015,Harrow,13275,4623,406,13,,1032,240,58,152,188,49,122,3357,457,1160,352,441,239,221,164
E05013551,Kenton East,E09000015,Harrow,14279,1989,352,8,,1381,128,33,118,149,40,67,6611,373,1637,314,453,216,251,159
E05013552,Kenton West,E09000015,Harrow,9479,1757,254,7,,641,112,32,69,81,23,67,4412,336,770,218,354,161,119,66
E05013553,Marlborough,E09000015,Harrow,9871,2620,371,0,,1201,145,56,123,162,76,153,2143,592,948,370,336,259,175,142
E05013554,North Harrow,E09000015,Harrow,8818,2586,239,0,,619,202,28,62,91,42,136,2494,404,1078,251,229,105,137,115
E05013555,Pinner,E09000015,Harrow,12425,6441,416,4,,814,182,58,103,116,57,127,2248,331,744,270,166,119,97,132
E05013556,Pinner South,E09000015,Harrow,14272,6844,367,6,,770,218,40,104,140,105,200,2992,395,1420,220,135,99,64,154
E05013557,Rayners Lane,E09000015,Harrow,9466,2138,150,14,,551,99,19,92,112,80,91,2736,323,2272,198,238,124,98,129
E05013558,Roxbourne,E09000015,Harrow,8768,2315,181,8,,525,117,51,149,98,65,39,1492,299,1854,641,387,287,131,128
E05013559,Roxeth,E09000015,Harrow,14671,3367,382,23,,1194,269,85,173,162,149,158,2847,533,3225,648,625,409,215,205
E05013560,Stanmore,E09000015,Harrow,12369,5791,272,6,,922,115,54,119,128,53,164,2529,241,692,375,226,252,171,260
E05013561,Wealdstone North,E09000015,Harrow,9244,2250,519,20,,584,86,47,166,94,81,68,1867,421,1166,533,560,331,258,191
E05013562,Wealdstone South,E09000015,Harrow,6976,1382,352,11,,658,84,34,102,92,62,38,1702,282,843,426,419,223,140,128
E05013563,West Harrow,E09000015,Harrow,9093,2845,345,1,,765,180,42,108,128,51,91,1648,315,1353,362,340,226,166,127
E05013967,Beam Park,E09000016,Havering,3814,2807,36,6,,163,18,11,62,13,48,20,46,22,24,353,112,36,11,26
E05013968,Cranham,E09000016,Havering,12508,11421,139,2,,242,75,13,44,52,22,77,152,23,78,78,37,8,15,32
E05013969,Elm Park,E09000016,Havering,15317,12642,208,13,,430,68,28,146,68,120,111,348,76,149,661,147,61,13,27
E05013970,Emerson Park,E09000016,Havering,9023,6947,122,0,,144,58,11,43,34,53,85,777,226,165,169,73,31,19,66
E05013971,Gooshays,E09000016,Havering,14895,12510,100,30,,497,57,46,132,67,36,73,94,57,125,763,167,76,23,43
E05013972,Hacton,E09000016,Havering,8767,7839,101,5,,170,41,17,38,26,4,75,139,16,66,134,63,14,3,17
E05013973,Harold Wood,E09000016,Havering,11447,9876,109,18,,308,55,21,59,60,12,83,210,67,122,261,88,51,7,39
E05013974,Havering-atte-Bower,E09000016,Havering,14791,12448,163,8,,399,64,52,122,86,77,69,207,119,121,503,242,55,13,44
E05013975,Heaton,E09000016,Havering,14748,11519,129,5,,633,55,90,192,75,40,55,177,65,158,1081,246,131,17,78
E05013976,Hylands & Harrow Lodge,E09000016,Havering,13306,11502,228,8,,270,59,27,84,56,58,76,292,66,106,244,122,33,13,63
E05013977,Marshalls & Rise Park,E09000016,Havering,12509,10745,195,0,,333,61,21,65,48,18,79,308,95,116,224,114,26,11,48
E05013978,Mawneys,E09000016,Havering,13353,11324,131,9,,434,57,31,121,46,44,68,236,93,125,312,186,51,25,59
E05013979,Rainham & Wennington,E09000016,Havering,12513,10070,120,10,,353,61,38,176,56,30,24,388,56,109,675,188,87,22,49
E05013980,Rush Green & Crowlands,E09000016,Havering,11863,8338,183,12,,604,65,56,159,95,160,78,385,137,406,553,367,129,26,110
E05013981,St Alban's,E09000016,Havering,7156,5267,119,1,,470,78,45,68,39,72,108,192,96,143,249,107,45,12,44
E05013982,St Andrew's,E09000016,Havering,13978,12521,220,4,,349,49,46,70,41,27,61,161,28,108,112,84,14,10,71
E05013983,St Edward's,E09000016,Havering,9750,7486,174,2,,494,57,50,109,67,41,82,212,87,196,343,193,65,29,63
E05013984,South Hornchurch,E09000016,Havering,9699,7916,77,13,,279,37,57,112,42,50,56,104,49,65,579,142,71,16,36
E05013985,Squirrels Heath,E09000016,Havering,14961,12681,207,10,,389,83,27,123,88,34,112,470,85,165,210,161,28,23,63
E05013986,Upminster,E09000016,Havering,12833,11756,229,4,,224,56,25,44,37,28,68,118,28,53,76,46,4,4,33
E05013564,Belmore,E09000017,Hillingdon,16091,3060,260,44,,735,198,56,128,165,201,55,4797,1060,2700,864,470,402,139,757
E05013565,Charville,E09000017,Hillingdon,10768,5551,274,2,,437,143,50,120,96,55,33,1298,331,991,522,294,196,127,248
E05013566,Colham & Cowley,E09000017,Hillingdon,17957,10044,304,21,,976,205,119,200,159,307,349,1688,496,1033,956,323,208,239,330
E05013567,Eastcote,E09000017,Hillingdon,15777,11011,474,4,,850,166,53,144,122,46,186,1468,209,477,149,143,57,83,136
E05013568,Harefield Village,E09000017,Hillingdon,5451,4433,115,7,,195,46,12,37,26,7,19,255,9,106,77,35,18,21,32
E05013569,Hayes Town,E09000017,Hillingdon,11471,2905,219,10,,803,143,65,76,119,200,38,2430,890,1339,1130,253,412,135,304
E05013570,Heathrow Villages,E09000017,Hillingdon,12199,4462,157,20,,1455,201,123,105,162,99,69,2100,763,1008,586,161,213,178,337
E05013571,Hillingdon East,E09000017,Hillingdon,14872,8728,352,9,,655,227,83,178,182,126,168,1780,381,798,383,249,198,142,231
E05013572,Hillingdon West,E09000017,Hillingdon,6758,4108,157,3,,353,88,35,44,62,107,98,666,149,277,202,85,89,103,131
E05013573,Ickenham & South Harefield,E09000017,Hillingdon,14092,10277,349,16,,549,189,30,66,110,19,162,1362,130,309,110,71,75,130,137
E05013574,Northwood,E09000017,Hillingdon,10469,5750,179,8,,888,164,25,69,117,29,168,1942,220,517,146,70,43,37,97
E05013575,Northwood Hills,E09000017,Hillingdon,11034,6232,217,12,,837,176,29,98,127,46,141,1726,245,616,185,117,53,63,112
E05013576,Pinkwell,E09000017,Hillingdon,15824,3767,242,25,,899,182,108,136,171,123,75,4644,1205,1637,1186,263,463,187,511
E05013577,Ruislip,E09000017,Hillingdon,14798,11115,454,1,,739,197,41,147,126,35,133,934,105,303,87,119,39,88,135
E05013578,Ruislip Manor,E09000017,Hillingdon,10415,7792,413,17,,548,138,33,82,88,37,107,481,99,236,81,101,55,48,60
E05013579,South Ruislip,E09000017,Hillingdon,16015,10429,543,13,,1071,206,47,179,187,40,156,1212,247,652,271,325,129,108,199
E05013580,Uxbridge,E09000017,Hillingdon,16645,8944,351,3,,1276,271,89,205,166,475,507,1465,501,745,600,234,209,363,239
E05013581,West Drayton,E09000017,Hillingdon,14370,8255,226,53,,1019,181,129,148,149,143,113,1315,482,621,717,197,256,187,179
E05013582,Wood End,E09000017,Hillingdon,16612,5786,312,35,,919,208,92,210,168,226,81,2875,897,1763,1358,504,506,214,460
E05013583,Yeading,E09000017,Hillingdon,12798,4801,211,20,,828,160,146,227,165,132,129,1659,512,1148,1222,452,452,187,347
E05013584,Yiewsley,E09000017,Hillingdon,9522,5465,139,21,,789,112,46,120,81,186,101,698,271,456,441,148,119,145,183
E05013606,Bedfont,E09000018,Hounslow,13463,7222,146,14,,1241,144,95,157,116,112,83,1494,538,887,627,180,127,92,190
E05013607,Brentford East,E09000018,Hounslow,6345,2579,160,0,,918,96,58,185,100,34,99,306,140,442,588,219,125,159,136
E05013608,Brentford West,E09000018,Hounslow,8084,4161,403,2,,1373,109,65,130,130,47,132,352,122,292,310,159,100,80,118
E05013609,Chiswick Gunnersbury,E09000018,Hounslow,12231,6464,423,16,,2399,218,84,89,191,42,198,462,150,506,261,200,92,256,183
E05013610,Chiswick Homefields,E09000018,Hounslow,13754,8308,495,2,,2365,209,88,135,164,51,176,374,104,335,301,130,104,200,212
E05013611,Chiswick Riverside,E09000018,Hounslow,9316,5753,305,3,,1459,161,57,91,128,11,101,275,80,258,210,138,51,118,118
E05013612,Cranford,E09000018,Hounslow,13479,2248,122,16,,1227,171,81,66,125,97,48,4275,1498,1730,849,119,245,162,400
E05013613,Feltham North,E09000018,Hounslow,10889,5431,137,7,,1095,132,83,79,130,106,69,1215,518,1000,412,105,97,121,151
E05013614,Feltham West,E09000018,Hounslow,15541,8235,201,22,,1568,183,191,167,175,69,131,1581,439,913,938,223,180,150,175
E05013615,Hanworth Park,E09000018,Hounslow,8712,5252,117,15,,788,126,81,113,78,45,68,616,263,479,334,114,40,77,104
E05013616,Hanworth Village,E09000018,Hounslow,14764,8352,187,12,,1327,176,132,168,178,216,93,849,562,992,758,251,133,173,207
E05013617,Heston Central,E09000018,Hounslow,12288,1779,156,4,,940,141,51,40,130,124,104,4674,1344,1574,384,139,112,164,428
E05013618,Heston East,E09000018,Hounslow,10204,1378,143,3,,885,137,58,36,108,92,63,4025,814,1056,472,105,154,202,474
E05013619,Heston West,E09000018,Hounslow,13684,2066,111,24,,778,151,52,53,133,126,60,4886,1450,1895,772,169,246,160,552
E05013620,Hounslow Central,E09000018,Hounslow,8302,931,67,0,,1085,89,39,56,59,161,73,3518,563,1001,238,61,53,141,166
E05013621,Hounslow East,E09000018,Hounslow,6648,1365,74,1,,807,72,39,45,64,106,88,2187,472,675,244,95,55,96,161
E05013622,Hounslow Heath,E09000018,Hounslow,14727,2316,152,5,,1562,191,85,105,157,245,141,4835,1578,1712,647,207,188,267,334
E05013623,Hounslow South,E09000018,Hounslow,13327,5747,337,11,,1501,223,60,127,175,103,150,2324,595,939,337,168,108,131,292
E05013624,Hounslow West,E09000018,Hounslow,12379,1639,99,10,,1268,117,49,82,111,103,55,4882,1019,1887,404,106,104,134,309
E05013625,Isleworth,E09000018,Hounslow,12498,6375,320,6,,1477,187,130,134,169,82,172,840,315,669,877,179,185,198,182
E05013626,Osterley & Spring Grove,E09000018,Hounslow,13250,4055,309,4,,1688,197,66,75,179,106,158,3461,810,980,351,139,45,278,351
E05013627,Syon & Brentford Lock,E09000018,Hounslow,10075,4608,314,6,,1533,159,87,139,157,112,144,732,302,604,474,175,103,276,152
E05013697,Arsenal,E09000019,Islington,11223,5148,450,9,,1817,179,90,214,262,341,216,184,58,297,745,447,396,110,258
E05013698,Barnsbury,E09000019,Islington,12100,6838,412,14,,2000,194,95,223,175,243,264,202,36,252,382,262,267,61,180
E05013699,Bunhill,E09000019,Islington,10893,4797,317,5,,1969,135,73,172,237,169,441,377,114,421,725,277,257,114,292
E05013700,Caledonian,E09000019,Islington,11615,4486,341,9,,2031,121,120,205,228,614,522,251,95,430,841,454,382,133,351
E05013701,Canonbury,E09000019,Islington,12879,6840,475,8,,1885,222,112,318,247,250,184,161,35,238,764,406,291,122,321
E05013702,Clerkenwell,E09000019,Islington,11649,5720,322,9,,2200,162,67,179,169,201,496,284,87,361,605,218,245,90,233
E05013703,Finsbury Park,E09000019,Islington,12457,4299,485,10,,2089,163,180,310,354,449,273,193,52,389,1282,794,612,134,387
E05013704,Highbury,E09000019,Islington,13183,7580,526,16,,2114,213,87,229,225,152,110,155,27,251,493,385,299,91,230
E05013705,Hillrise,E09000019,Islington,14475,6664,737,12,,2122,203,204,360,307,301,144,179,57,355,969,845,479,140,398
E05013706,Holloway,E09000019,Islington,11397,5044,480,2,,2004,156,99,241,264,217,348,204,52,436,716,375,333,145,280
E05013707,Junction,E09000019,Islington,12413,5925,708,3,,1951,229,130,238,299,119,245,225,79,392,688,509,274,137,263
E05013708,Laycock,E09000019,Islington,11762,5623,475,12,,1777,116,137,310,273,322,237,139,65,249,797,448,351,113,317
E05013709,Mildmay,E09000019,Islington,13695,6325,460,21,,2123,166,169,387,311,346,152,177,51,268,994,667,482,130,464
E05013710,St Mary's & St James',E09000019,Islington,11098,6090,417,8,,1845,164,65,191,168,204,182,167,22,226,472,346,202,75,257
E05013711,St Peter's & Canalside,E09000019,Islington,9264,4625,326,4,,1721,142,68,117,160,176,320,179,40,241,507,237,109,114,176
E05013712,Tollington,E09000019,Islington,13621,6001,619,9,,2244,206,101,316,278,362,178,286,53,340,896,812,417,88,415
E05013713,Tufnell Park,E09000019,Islington,12400,6318,589,12,,1996,193,115,226,269,194,143,170,27,283,747,461,332,97,228
E05009388,Abingdon,E09000020,Kensington and Chelsea,9643,3276,183,9,,3186,263,48,45,204,27,408,217,109,619,125,51,39,542,292
E05009389,Brompton & Hans Town,E09000020,Kensington and Chelsea,10533,3757,196,5,,3950,204,42,35,221,57,284,179,88,548,163,66,32,423,284
E05009390,Campden,E09000020,Kensington and Chelsea,9493,3964,161,6,,3259,260,42,44,138,9,246,176,40,409,109,59,29,328,214
E05009391,Chelsea Riverside,E09000020,Kensington and Chelsea,8620,3816,242,7,,1863,155,77,142,167,111,101,118,75,473,385,142,89,353,305
E05009392,Colville,E09000020,Kensington and Chelsea,9447,3928,255,11,,2219,123,94,205,210,37,127,98,43,415,499,468,189,270,256
E05009393,Courtfield,E09000020,Kensington and Chelsea,9938,3467,182,8,,3892,228,36,44,164,11,525,209,44,435,143,44,18,298,189
E05009394,Dalgarno,E09000020,Kensington and Chelsea,6791,2763,216,8,,966,86,95,230,149,106,56,71,25,307,583,308,164,404,255
E05009395,Earl's Court,E09000020,Kensington and Chelsea,9933,3033,237,0,,3230,221,73,64,200,41,523,230,131,661,292,130,59,454,352
E05009396,Golborne,E09000020,Kensington and Chelsea,8691,2486,235,4,,1447,85,142,212,270,132,61,81,52,373,935,692,329,596,557
E05009397,Holland,E09000020,Kensington and Chelsea,8999,3083,185,1,,2624,199,45,71,210,32,224,217,64,537,256,92,64,641,454
E05009398,Norland,E09000020,Kensington and Chelsea,6110,3120,164,3,,1512,171,42,71,110,9,52,59,9,245,115,113,54,122,140
E05009399,Notting Dale,E09000020,Kensington and Chelsea,8806,3020,255,12,,1444,94,119,154,236,98,78,66,31,472,913,555,210,577,471
E05009400,Pembridge,E09000020,Kensington and Chelsea,6246,2634,143,2,,2055,107,38,40,134,41,182,111,17,242,117,53,26,136,170
E05009401,Queen's Gate,E09000020,Kensington and Chelsea,9670,3152,168,2,,3580,212,33,34,148,25,606,230,81,516,113,55,42,421,252
E05009402,Redcliffe,E09000020,Kensington and Chelsea,9688,3915,236,7,,3725,188,44,46,145,14,171,180,26,381,140,61,30,200,179
E05009403,Royal Hospital,E09000020,Kensington and Chelsea,9548,4886,187,1,,2909,158,42,43,109,12,137,118,18,326,123,52,16,223,189
E05009404,St. Helen's,E09000020,Kensington and Chelsea,6437,3162,233,32,,1192,100,75,137,139,42,54,65,15,208,286,241,95,177,182
E05009405,Stanley,E09000020,Kensington and Chelsea,10056,4808,237,1,,2860,167,62,78,167,32,132,153,43,402,239,76,55,290,256
E05013928,Alexandra,E09000021,Kingston upon Thames,5614,3684,116,2,,414,113,16,36,49,33,97,298,116,406,76,35,8,68,48
E05013929,Berrylands,E09000021,Kingston upon Thames,6339,4586,128,11,,607,98,19,41,58,16,80,230,49,225,44,41,4,53,49
E05013930,Canbury Gardens,E09000021,Kingston upon Thames,6723,4404,108,3,,790,143,44,52,109,27,150,210,74,272,63,23,14,146,91
E05013931,Chessington South & Malden Rushett,E09000021,Kingston upon Thames,9583,7664,140,11,,475,142,20,74,57,15,58,183,68,355,103,38,25,72,83
E05013932,Coombe Hill,E09000021,Kingston upon Thames,7548,3648,153,4,,1137,138,46,41,92,65,150,495,224,643,149,63,11,356,135
E05013933,Coombe Vale,E09000021,Kingston upon Thames,10117,5548,179,4,,990,174,31,66,136,75,151,556,231,1442,129,52,30,189,134
E05013934,Green Lane & St James,E09000021,Kingston upon Thames,6237,3376,97,0,,550,95,28,58,53,44,106,288,222,950,126,40,12,120,71
E05013935,Hook & Chessington North,E09000021,Kingston upon Thames,10263,8007,126,13,,577,126,48,76,71,40,115,172,92,456,164,41,20,47,74
E05013936,King George's & Sunray,E09000021,Kingston upon Thames,5518,3467,78,9,,340,52,17,39,56,49,89,273,157,657,96,35,8,36,61
E05013937,Kingston Gate,E09000021,Kingston upon Thames,10779,6737,184,5,,1278,184,72,110,159,65,196,347,156,607,195,61,40,240,145
E05013938,Kingston Town,E09000021,Kingston upon Thames,9508,5812,160,3,,1244,141,46,109,110,48,259,346,94,506,178,89,31,165,168
E05013939,Motspur Park & Old Malden East,E09000021,Kingston upon Thames,6804,4077,111,3,,441,76,18,29,69,26,58,297,279,965,68,25,13,149,101
E05013940,New Malden Village,E09000021,Kingston upon Thames,9055,4832,154,1,,663,183,30,33,119,37,239,332,249,1775,130,47,16,117,100
E05013941,Norbiton,E09000021,Kingston upon Thames,10041,5538,190,4,,1185,110,67,123,147,98,199,305,175,983,381,98,67,171,201
E05013942,Old Malden,E09000021,Kingston upon Thames,6496,3900,100,2,,349,82,20,47,36,28,107,299,347,829,87,30,15,151,67
E05013943,St Mark's & Seething Wells,E09000021,Kingston upon Thames,11996,7739,188,2,,1577,193,52,96,177,54,279,421,113,490,236,115,19,95,149
E05013944,Surbiton Hill,E09000021,Kingston upon Thames,10306,6806,178,9,,1141,180,43,60,126,77,230,382,102,488,187,71,23,97,106
E05013945,Tolworth,E09000021,Kingston upon Thames,10243,6547,191,8,,791,146,48,72,97,69,146,651,221,787,167,78,18,102,103
E05013946,Tudor,E09000021,Kingston upon Thames,6891,4643,138,2,,844,125,36,75,110,26,176,243,40,208,38,44,6,66,74
E05014095,Brixton Acre Lane,E09000022,Lambeth,14943,6891,413,8,,2216,182,156,373,331,44,158,154,79,280,1160,1470,748,74,207
E05014096,Brixton North,E09000022,Lambeth,15130,3377,273,12,,2471,102,288,401,469,108,242,141,83,211,3200,2195,1005,99,455
E05014097,Brixton Rush Common,E09000022,Lambeth,14972,5146,323,7,,2040,158,263,520,444,118,183,131,97,186,2173,1898,909,76,298
E05014098,Brixton Windrush,E09000022,Lambeth,8755,2740,192,10,,1111,75,139,285,213,109,113,62,40,149,1420,1337,593,30,138
E05014099,Clapham Common & Abbeville,E09000022,Lambeth,10091,6112,442,2,,1562,162,56,125,169,56,110,159,37,121,352,342,190,28,64
E05014100,Clapham East,E09000022,Lambeth,10068,4252,357,4,,1663,130,91,282,222,76,124,123,57,179,1007,856,443,37,165
E05014101,Clapham Park,E09000022,Lambeth,12856,4321,323,9,,2012,145,209,358,310,172,113,158,128,170,1998,1350,638,73,369
E05014102,Clapham Town,E09000022,Lambeth,15300,7945,621,20,,2468,201,164,317,232,112,166,171,33,249,985,876,503,63,174
E05014103,Gipsy Hill,E09000022,Lambeth,10208,4212,259,6,,1075,137,115,422,274,67,68,135,37,152,1216,1278,551,56,148
E05014104,Herne Hill & Loughborough Junction,E09000022,Lambeth,15203,6551,346,15,,2023,198,251,432,357,58,139,202,67,400,1417,1508,781,58,399
E05014105,Kennington,E09000022,Lambeth,14225,5807,338,6,,1953,123,247,340,355,162,295,152,52,290,2077,1075,572,90,290
E05014106,Knight's Hill,E09000022,Lambeth,16550,5924,299,5,,2286,177,281,694,392,69,140,291,173,316,1868,2246,1057,85,248
E05014107,Myatt's Fields,E09000022,Lambeth,9921,2652,209,4,,1221,99,147,343,271,118,198,59,40,175,1936,1450,700,56,242
E05014108,Oval,E09000022,Lambeth,12562,5176,368,6,,2418,120,158,230,285,109,233,168,27,282,1413,747,446,85,292
E05014109,St Martin's,E09000022,Lambeth,10211,3262,188,4,,1450,99,172,372,299,53,70,150,73,193,1519,1319,674,55,259
E05014110,Stockwell East,E09000022,Lambeth,9549,3810,253,6,,1540,110,141,219,267,25,163,86,47,173,1212,802,408,69,217
E05014111,Stockwell West & Larkhall,E09000022,Lambeth,15465,4547,347,3,,3179,148,266,400,342,111,352,123,62,333,2656,1267,829,142,356
E05014112,Streatham Common & Vale,E09000022,Lambeth,16740,4956,298,35,,2853,210,221,507,332,140,179,955,820,418,1825,1851,814,74,251
E05014113,Streatham Hill East,E09000022,Lambeth,9901,3550,223,2,,1703,118,133,349,204,121,107,119,160,186,1056,1080,494,70,226
E05014114,Streatham Hill West & Thornton,E09000022,Lambeth,9747,5637,267,0,,1339,120,103,155,154,53,98,165,111,105,533,524,223,32,126
E05014115,Streatham St Leonard's,E09000022,Lambeth,14801,5848,312,5,,2875,216,230,326,327,100,105,475,495,369,1107,1114,615,93,190
E05014116,Streatham Wells,E09000022,Lambeth,9636,3589,213,8,,1852,134,150,259,204,68,159,239,160,228,851,815,485,64,157
E05014117,Vauxhall,E09000022,Lambeth,6635,2277,148,2,,1269,115,92,149,137,20,211,141,59,236,859,438,210,106,167
E05014118,Waterloo & South Bank,E09000022,Lambeth,8323,3511,193,7,,1251,117,85,147,152,115,747,226,51,453,586,274,186,81,141
E05014119,West Dulwich,E09000022,Lambeth,11293,6155,252,9,,1289,177,143,298,242,34,102,199,84,233,760,773,393,32,116
E05013714,Bellingham,E09000023,Lewisham,10627,4294,144,17,,686,62,153,418,196,37,96,106,41,498,1543,1409,640,66,221
E05013715,Blackheath,E09000023,Lewisham,15310,8322,364,4,,1710,152,119,399,253,61,376,300,64,402,1078,912,464,67,263
E05013716,Brockley,E09000023,Lewisham,17167,7260,448,24,,2242,258,211,476,333,98,449,385,76,506,1703,1613,633,135,318
E05013717,Catford South,E09000023,Lewisham,16097,5771,288,11,,1346,166,205,525,347,95,189,279,162,1093,1580,2858,813,49,322
E05013718,Crofton Park,E09000023,Lewisham,15004,7065,369,1,,1639,228,177,462,308,51,214,259,143,430,1071,1643,606,93,244
E05013719,Deptford,E09000023,Lewisham,14104,3648,192,3,,1506,112,209,345,247,158,934,150,85,969,3134,1402,613,98,300
E05013720,Downham,E09000023,Lewisham,17172,8750,252,22,,1026,145,167,603,300,105,117,165,60,727,1863,1639,681,59,490
E05013721,Evelyn,E09000023,Lewisham,11133,2952,160,11,,1517,81,159,284,214,55,674,166,38,711,2460,876,481,88,208
E05013722,Forest Hill,E09000023,Lewisham,14854,7185,336,9,,1646,175,157,451,330,43,250,261,85,461,1433,1253,505,75,199
E05013723,Grove Park,E09000023,Lewisham,14874,7780,227,6,,1278,122,126,405,241,73,174,303,72,543,1382,1199,467,63,412
E05013724,Hither Green,E09000023,Lewisham,19285,6986,299,13,,1679,184,250,684,315,76,313,284,128,1065,2296,3134,1011,84,481
E05013725,Ladywell,E09000023,Lewisham,15547,5916,318,8,,1803,241,187,627,311,57,381,382,144,743,1460,1880,684,74,332
E05013726,Lee Green,E09000023,Lewisham,14546,7867,323,1,,1457,190,106,336,222,101,325,270,52,616,892,1086,409,78,215
E05013727,Lewisham Central,E09000023,Lewisham,4169,1377,79,3,,638,38,49,78,117,20,211,243,22,194,410,336,189,28,137
E05013728,New Cross Gate,E09000023,Lewisham,8615,2413,107,0,,1028,77,189,250,142,40,309,111,53,385,1883,959,406,65,201
E05013729,Perry Vale,E09000023,Lewisham,17921,8006,383,7,,1662,186,202,619,418,101,201,228,97,638,1685,2305,807,53,322
E05013730,Rushey Green,E09000023,Lewisham,16614,5054,246,25,,1598,165,403,568,332,100,251,243,124,816,2340,2732,1140,70,406
E05013731,Sydenham,E09000023,Lewisham,16432,7689,325,27,,1535,232,231,557,349,42,190,340,85,501,1576,1800,652,56,245
E05013732,Telegraph Hill,E09000023,Lewisham,16414,6111,346,16,,1829,232,259,453,355,75,510,125,63,487,2237,1817,864,156,479
E05013810,Abbey,E09000024,Merton,9732,5137,267,5,,1774,176,50,93,156,111,159,391,204,514,248,153,52,101,142
E05013811,Cannon Hill,E09000024,Merton,9389,5659,291,2,,1062,122,37,84,133,106,117,383,361,569,158,162,39,47,58
E05013812,Colliers Wood,E09000024,Merton,10712,4120,230,7,,2061,179,63,156,178,186,184,584,561,929,461,519,107,77,110
E05013813,Cricket Green,E09000024,Merton,10907,4198,179,36,,1248,111,94,211,188,169,118,315,411,1044,1389,677,306,65,148
E05013814,Figge's Marsh,E09000024,Merton,10011,3031,183,15,,1010,95,104,247,153,154,115,425,349,1400,1299,897,275,66,195
E05013815,Graveney,E09000024,Merton,11270,2580,225,1,,1953,111,77,195,174,223,88,809,761,1729,759,1065,271,70,181
E05013816,Hillside,E09000024,Merton,8454,4706,228,1,,1673,164,33,41,94,35,186,332,142,521,77,56,13,60,92
E05013817,Lavender Fields,E09000024,Merton,10509,3647,143,13,,1920,129,85,228,135,193,234,418,393,1205,765,562,176,91,172
E05013818,Longthornton,E09000024,Merton,10271,2882,138,20,,1287,141,132,212,162,102,81,769,658,739,1151,1322,242,53,180
E05013819,Lower Morden,E09000024,Merton,10842,7350,279,4,,757,112,57,95,82,89,75,261,376,674,270,203,42,43,73
E05013820,Merton Park,E09000024,Merton,7934,4281,205,1,,966,127,48,46,103,153,114,397,494,610,105,69,24,66,124
E05013821,Pollards Hill,E09000024,Merton,10146,3560,128,37,,689,105,119,242,149,94,72,348,366,575,1892,1255,326,62,125
E05013822,Ravensbury,E09000024,Merton,8782,4303,191,13,,897,73,81,129,134,77,70,357,397,949,546,334,86,62,83
E05013823,Raynes Park,E09000024,Merton,11271,6796,309,1,,2034,164,59,85,122,60,177,320,145,572,120,101,39,57,111
E05013824,St Helier,E09000024,Merton,9821,4921,144,15,,1075,107,44,147,89,195,133,250,780,950,502,194,81,81,114
E05013825,Village,E09000024,Merton,11405,7333,231,6,,1845,192,25,50,106,35,145,388,126,543,80,52,23,116,112
E05013826,Wandle,E09000024,Merton,5829,3091,147,0,,1045,120,40,92,84,54,100,231,83,267,147,170,42,45,70
E05013827,West Barnes,E09000024,Merton,9748,5401,283,11,,1117,152,51,75,114,52,136,342,273,1225,170,125,24,112,86
E05013828,Wimbledon Park,E09000024,Merton,10463,6278,223,24,,1827,164,29,70,131,72,109,302,310,406,193,106,44,81,93
E05013829,Wimbledon Town & Dundonald,E09000024,Merton,12195,7387,393,5,,2075,286,51,82,160,55,206,486,146,446,109,104,31,58,117
E05013904,Beckton,E09000025,Newham,14504,3408,98,25,,3090,143,168,222,186,1223,523,659,752,518,2074,678,338,178,220
E05013905,Boleyn,E09000025,Newham,13087,1789,83,22,,1016,135,102,168,139,1908,49,1912,1984,1107,1243,572,287,160,411
E05013906,Canning Town North,E09000025,Newham,8806,2320,61,11,,1267,53,124,169,159,682,117,310,221,307,1949,532,288,82,155
E05013907,Canning Town South,E09000025,Newham,5220,1583,51,9,,698,34,91,86,94,339,148,211,73,158,1130,201,144,79,90
E05013908,Custom House,E09000025,Newham,15267,4398,85,34,,2464,123,281,245,244,839,230,444,314,543,3338,738,457,136,355
E05013909,East Ham,E09000025,Newham,14683,1462,106,48,,1034,140,88,106,142,1589,93,3303,2856,1585,924,444,230,187,347
E05013910,East Ham South,E09000025,Newham,16493,3629,83,41,,1623,181,261,258,220,1968,122,1250,1469,1066,2272,954,464,232,400
E05013911,Forest Gate North,E09000025,Newham,11246,2319,117,4,,1342,133,127,249,135,1435,65,818,842,359,1576,919,384,131,292
E05013912,Forest Gate South,E09000025,Newham,17473,2628,179,15,,2323,132,175,235,218,2739,183,2329,1565,718,1883,1070,416,220,445
E05013913,Green Street East,E09000025,Newham,16215,776,28,21,,828,126,78,55,133,2586,44,5329,3211,944,887,594,212,74,291
E05013914,Green Street West,E09000025,Newham,15219,730,66,4,,833,109,85,53,136,2499,74,4888,2961,721,970,491,215,107,276
E05013915,Little Ilford,E09000025,Newham,17409,1772,93,18,,1092,141,181,207,209,3082,36,2955,2320,1190,2067,933,452,215,444
E05013916,Manor Park,E09000025,Newham,15846,1517,95,26,,1176,111,157,126,188,3142,54,3054,2315,1002,1372,755,274,162,321
E05013917,Maryland,E09000025,Newham,12537,2592,179,34,,2312,105,165,216,172,1051,198,783,770,488,1681,940,337,204,311
E05013918,Plaistow North,E09000025,Newham,15935,2165,81,25,,1601,155,146,202,209,2676,164,2057,1527,1159,1915,846,443,152,410
E05013919,Plaistow South,E09000025,Newham,13147,2872,100,12,,1758,110,145,186,157,1472,82,714,933,1046,1974,721,390,113,360
E05013920,Plaistow West & Canning Town East,E09000025,Newham,16083,3809,105,20,,2178,107,255,297,253,1847,187,579,796,883,2888,840,487,169,383
E05013921,Plashet,E09000025,Newham,10661,485,36,9,,443,66,53,33,49,1419,44,4153,1848,894,480,260,122,63,206
E05013922,Royal Albert,E09000025,Newham,8002,2143,81,7,,1275,62,152,125,133,307,247,455,211,258,1709,297,264,74,202
E05013923,Royal Victoria,E09000025,Newham,6818,2008,95,2,,1158,106,79,105,89,122,530,857,194,305,605,143,70,171,179
E05013924,Stratford,E09000025,Newham,11650,2517,169,25,,2125,132,146,161,205,920,437,1038,383,636,1367,619,303,243,226
E05013925,Stratford Olympic Park,E09000025,Newham,51,10,1,2,,11,0,2,1,1,5,0,3,2,1,7,4,1,1,0
E05013926,Wall End,E09000025,Newham,16080,1616,59,42,,1151,98,85,112,185,1652,69,3396,2194,3018,1086,419,271,137,489
E05013927,West Ham,E09000025,Newham,15551,2967,121,6,,2267,177,174,339,336,1761,234,989,566,1007,2413,1080,545,234,335
E05011234,Aldborough,E09000026,Redbridge,13529,4156,140,4,,855,141,79,154,168,875,134,2503,986,1805,530,457,148,52,342
E05011235,Barkingside,E09000026,Redbridge,13624,4080,107,4,,791,129,54,109,177,1307,202,2790,1154,1502,418,307,122,34,337
E05011236,Bridge,E09000026,Redbridge,12820,7864,308,5,,1016,161,85,246,197,202,237,593,387,414,400,430,90,53,132
E05011237,Chadwell,E09000026,Redbridge,14774,5366,224,14,,697,167,121,266,274,1101,75,1845,1020,819,1267,923,258,53,284
E05011238,Churchfields,E09000026,Redbridge,14533,8541,257,0,,1255,235,131,242,232,276,238,762,414,402,649,456,143,103,196
E05011239,Clayhall,E09000026,Redbridge,12667,3012,70,1,,561,146,38,53,87,1283,199,3099,1632,1567,230,287,76,35,291
E05011240,Clementswood,E09000026,Redbridge,13161,1087,96,24,,624,100,57,79,115,1023,51,2929,3633,1441,717,393,280,164,349
E05011241,Cranbrook,E09000026,Redbridge,12377,2224,102,1,,712,123,72,73,108,986,69,3084,2470,978,384,446,169,84,291
E05011242,Fairlop,E09000026,Redbridge,12686,7074,117,9,,952,114,53,141,146,363,195,1133,479,775,445,347,87,22,234
E05011243,Fullwell,E09000026,Redbridge,14361,6152,130,1,,902,199,48,193,167,547,186,1852,1053,1155,664,469,217,78,347
E05011244,Goodmayes,E09000026,Redbridge,13469,2235,188,20,,843,179,92,118,136,1096,86,3377,2203,831,749,515,236,73,492
E05011245,Hainault,E09000026,Redbridge,12953,7859,138,12,,1083,125,138,260,155,175,102,641,468,394,734,346,136,42,145
E05011246,Ilford Town,E09000026,Redbridge,8848,957,90,2,,619,101,64,102,105,601,55,2651,1399,634,705,258,187,118,198
E05011247,Loxford,E09000026,Redbridge,13888,1524,88,21,,793,109,119,179,152,1109,120,1926,3406,1511,1331,666,288,165,380
E05011248,Mayfield,E09000026,Redbridge,13383,2717,183,1,,697,134,70,128,122,1081,80,3063,2532,966,541,485,192,56,333
E05011249,Monkhams,E09000026,Redbridge,8967,6252,207,0,,602,118,26,68,85,83,121,580,237,221,124,96,46,36,66
E05011250,Newbury,E09000026,Redbridge,12985,2045,123,5,,754,154,70,138,125,1011,96,3000,1689,2175,518,458,163,61,400
E05011251,Seven Kings,E09000026,Redbridge,13912,2288,232,3,,744,153,90,142,156,1215,72,3603,1954,1248,672,568,246,77,450
E05011252,South Woodford,E09000026,Redbridge,11657,6651,291,5,,1078,179,60,110,155,206,277,1024,631,350,174,197,64,52,154
E05011253,Valentines,E09000026,Redbridge,13888,2164,142,4,,981,177,59,118,152,990,142,3891,2405,1068,569,441,172,115,299
E05011254,Wanstead Park,E09000026,Redbridge,7995,4639,239,0,,593,129,89,129,116,272,49,469,372,200,240,267,59,41,92
E05011255,Wanstead Village,E09000026,Redbridge,12494,7366,428,4,,1200,177,76,155,180,209,212,843,528,327,296,252,45,38,158
E05013774,Barnes,E09000027,Richmond upon Thames,10725,7086,258,0,,1874,168,44,66,115,41,118,164,47,300,98,39,23,125,160
E05013775,East Sheen,E09000027,Richmond upon Thames,10348,7749,233,0,,1405,149,29,55,94,36,60,127,34,159,33,27,12,67,79
E05013776,Fulwell & Hampton Hill,E09000027,Richmond upon Thames,10131,8033,294,1,,801,139,28,80,71,35,58,166,60,155,48,42,18,48,54
E05013777,"Ham, Petersham & Richmond Riverside",E09000027,Richmond upon Thames,10317,6682,201,3,,1792,146,47,69,131,38,123,253,37,309,143,61,14,96,172
E05013778,Hampton,E09000027,Richmond upon Thames,9650,7671,190,3,,693,120,24,67,83,23,73,255,35,225,39,45,17,25,63
E05013779,Hampton North,E09000027,Richmond upon Thames,9722,7145,184,51,,777,108,55,93,90,40,91,310,78,349,137,59,23,49,82
E05013780,Hampton Wick & South Teddington,E09000027,Richmond upon Thames,10221,7919,233,9,,893,157,35,73,82,30,81,184,29,191,88,57,15,51,94
E05013781,Heathfield,E09000027,Richmond upon Thames,9697,5822,208,4,,702,148,39,69,106,160,74,893,285,627,249,78,49,62,122
E05013782,Kew,E09000027,Richmond upon Thames,11396,7540,288,2,,1820,232,36,56,113,62,155,335,52,322,109,33,14,86,142
E05013783,Mortlake & Barnes Common,E09000027,Richmond upon Thames,11270,8090,281,2,,1527,186,55,103,131,50,111,101,49,211,91,63,17,99,101
E05013784,North Richmond,E09000027,Richmond upon Thames,9913,6633,267,2,,1470,175,54,70,124,71,156,231,45,261,114,39,23,66,112
E05013785,St Margarets & North Twickenham,E09000027,Richmond upon Thames,11096,8046,328,2,,1352,194,51,63,109,31,102,316,70,167,63,28,13,51,111
E05013786,South Richmond,E09000027,Richmond upon Thames,10820,7109,306,4,,1980,191,37,61,147,19,143,213,30,242,58,26,24,98,132
E05013787,South Twickenham,E09000027,Richmond upon Thames,10204,7939,347,2,,930,136,35,51,121,10,46,186,38,149,61,32,7,29,86
E05013788,Teddington,E09000027,Richmond upon Thames,10330,8338,226,2,,846,123,39,53,100,26,75,189,21,110,45,26,14,24,73
E05013789,Twickenham Riverside,E09000027,Richmond upon Thames,10472,7450,311,2,,1628,158,39,57,90,35,97,213,35,157,45,39,14,34,67
E05013790,West Twickenham,E09000027,Richmond upon Thames,10311,7418,272,6,,951,183,37,87,119,82,82,377,67,277,98,68,19,69,98
E05013791,Whitton,E09000027,Richmond upon Thames,10368,6912,339,0,,842,144,47,76,117,78,108,689,151,412,124,78,17,92,142
E05011095,Borough & Bankside,E09000028,Southwark,8310,3943,243,6,,1357,97,92,119,156,130,308,334,63,233,646,186,211,88,98
E05011096,Camberwell Green,E09000028,Southwark,13726,3778,267,9,,1416,100,206,306,270,199,283,173,39,415,3750,1178,745,117,475
E05011097,Champion Hill,E09000028,Southwark,9770,3875,212,3,,1086,106,176,177,194,86,221,186,46,314,1618,696,455,62,257
E05011098,Chaucer,E09000028,Southwark,14581,4876,374,22,,2010,192,153,227,291,586,518,649,123,590,2345,526,520,208,370
E05011099,Dulwich Hill,E09000028,Southwark,9293,5467,252,11,,887,114,84,158,162,53,54,169,65,116,635,618,282,46,119
E05011100,Dulwich Village,E09000028,Southwark,10735,7370,254,1,,1049,190,103,157,185,19,144,264,56,159,260,285,137,48,55
E05011101,Dulwich Wood,E09000028,Southwark,9710,5028,187,5,,931,124,115,224,163,94,203,285,55,163,1029,617,306,46,136
E05011102,Faraday,E09000028,Southwark,13646,3610,239,14,,1487,93,163,329,310,389,401,67,41,436,3842,724,860,119,522
E05011103,Goose Green,E09000028,Southwark,13614,7857,386,7,,1464,218,127,248,244,57,155,224,72,245,711,1021,348,69,162
E05011104,London Bridge & West Bermondsey,E09000028,Southwark,12845,5466,413,18,,1915,187,163,180,200,131,413,450,94,437,1532,422,342,145,338
E05011105,Newington,E09000028,Southwark,13344,4652,329,5,,1682,101,207,272,285,271,339,131,48,276,2809,795,622,151,366
E05011106,North Bermondsey,E09000028,Southwark,14667,7113,339,18,,2626,157,125,162,233,80,460,377,45,401,1475,251,338,147,320
E05011107,North Walworth,E09000028,Southwark,11256,3729,256,12,,1548,122,137,243,205,304,406,188,43,321,2140,619,544,109,329
E05011108,Nunhead & Queen's Road,E09000028,Southwark,14649,4551,265,27,,1307,110,226,435,328,128,221,177,55,310,3166,1927,961,83,372
E05011109,Old Kent Road,E09000028,Southwark,16643,4583,282,28,,1668,101,326,336,345,168,350,191,73,486,4617,1175,1105,185,624
E05011110,Peckham,E09000028,Southwark,14464,2616,186,10,,1358,92,259,385,288,239,456,121,111,395,4664,1597,1064,148,473
E05011111,Peckham Rye,E09000028,Southwark,9932,4641,260,7,,936,108,143,267,160,59,89,138,68,157,1265,1047,427,21,140
E05011112,Rotherhithe,E09000028,Southwark,13634,5548,238,29,,2188,147,143,194,263,100,950,421,89,469,1670,378,326,156,325
E05011113,Rye Lane,E09000028,Southwark,14419,5531,278,12,,1284,152,161,364,234,98,225,216,202,431,2524,1538,795,94,282
E05011114,St George's,E09000028,Southwark,6631,2680,157,3,,814,59,74,127,136,287,316,154,65,211,879,265,199,84,121
E05011115,St Giles,E09000028,Southwark,15636,5617,262,11,,1610,140,195,350,320,232,290,193,65,419,3076,1391,840,114,512
E05011116,South Bermondsey,E09000028,Southwark,15335,6638,322,4,,2214,132,239,316,254,149,405,294,45,401,2256,548,544,117,457
E05011117,Surrey Docks,E09000028,Southwark,11443,5365,223,1,,2490,161,70,100,183,54,871,416,60,381,504,169,153,83,158
E05013754,Beddington,E09000029,Sutton,10591,7471,148,12,,383,117,59,105,86,70,100,392,145,585,408,332,75,43,58
E05013755,Belmont,E09000029,Sutton,10652,7365,148,2,,772,163,38,95,76,64,160,568,179,450,300,91,37,43,103
E05013756,Carshalton Central,E09000029,Sutton,10879,8543,259,6,,599,158,24,109,112,24,109,210,78,250,169,113,31,37,48
E05013757,Carshalton South & Clockhouse,E09000029,Sutton,9442,7339,152,40,,310,119,22,87,59,30,71,310,145,281,238,127,35,39,38
E05013758,Cheam,E09000029,Sutton,10305,7452,202,14,,457,150,25,77,81,84,137,612,178,501,118,64,34,57,60
E05013759,Hackbridge,E09000029,Sutton,4963,3258,64,2,,371,40,41,108,70,29,71,102,66,177,335,138,36,26,31
E05013760,North Cheam,E09000029,Sutton,10842,8329,188,0,,436,106,18,66,69,44,165,220,140,740,95,69,30,63,64
E05013761,St Helier East,E09000029,Sutton,7823,5472,97,19,,390,48,47,162,81,38,60,143,119,445,392,171,52,29,60
E05013762,St Helier West,E09000029,Sutton,11600,7814,133,15,,673,87,80,218,85,80,107,195,216,891,546,198,90,46,124
E05013763,South Beddington & Roundshaw,E09000029,Sutton,10033,6688,141,25,,347,117,83,188,76,124,95,555,156,557,438,218,99,35,90
E05013764,Stonecot,E09000029,Sutton,7228,5103,155,0,,311,56,25,70,59,36,103,256,110,555,164,101,38,30,57
E05013765,Sutton Central,E09000029,Sutton,8933,5577,184,4,,928,101,47,121,85,83,161,306,96,484,414,129,52,74,87
E05013766,Sutton North,E09000029,Sutton,10396,7226,189,9,,696,129,37,137,110,112,131,301,151,564,310,139,45,32,78
E05013767,Sutton South,E09000029,Sutton,10546,6555,189,2,,1216,165,43,92,100,42,179,550,195,491,293,108,51,118,159
E05013768,Sutton West & East Cheam,E09000029,Sutton,10697,7152,182,3,,962,156,49,106,144,73,173,510,204,479,208,112,36,74,74
E05013769,The Wrythe,E09000029,Sutton,9340,7163,141,9,,446,95,38,116,93,55,97,191,33,295,321,117,42,29,59
E05013770,Wallington North,E09000029,Sutton,10619,7829,180,12,,496,127,67,161,96,76,85,300,118,422,311,197,37,27,77
E05013771,Wallington South,E09000029,Sutton,10338,7450,181,2,,494,154,51,149,90,51,102,321,102,526,308,197,65,12,84
E05013772,Worcester Park North,E09000029,Sutton,7629,5272,160,11,,579,113,30,86,103,29,85,229,112,498,66,69,15,118,55
E05013773,Worcester Park South,E09000029,Sutton,7290,5795,126,6,,317,87,15,45,37,40,48,182,53,373,36,52,8,44,26
E05009317,Bethnal Green,E09000030,Tower Hamlets,19703,6870,338,7,,2042,281,124,174,226,6406,466,364,169,436,705,320,315,202,257
E05009318,Blackwall & Cubitt Town,E09000030,Tower Hamlets,13956,4365,208,2,,2454,207,103,191,189,1995,1247,962,172,499,588,246,147,169,213
E05009319,Bow East,E09000030,Tower Hamlets,14781,7055,280,15,,1539,179,105,302,222,2529,227,302,85,233,572,578,264,122,172
E05009320,Bow West,E09000030,Tower Hamlets,12939,6167,260,12,,1229,166,73,208,185,2746,232,225,69,214,380,362,195,80,136
E05009321,Bromley North,E09000030,Tower Hamlets,9329,2208,111,22,,688,82,40,144,131,3901,226,165,80,169,536,357,224,97,149
E05009322,Bromley South,E09000030,Tower Hamlets,8748,1979,75,16,,609,71,65,105,71,3860,214,123,94,226,487,308,240,98,106
E05009323,Canary Wharf,E09000030,Tower Hamlets,12831,3563,185,2,,2519,185,96,132,190,2017,1232,847,123,452,435,219,174,212,247
E05009324,Island Gardens,E09000030,Tower Hamlets,13409,5030,188,2,,2543,184,68,128,146,1854,1000,858,124,404,311,203,84,117,166
E05009325,Lansbury,E09000030,Tower Hamlets,14993,4140,125,12,,1188,88,107,293,115,5865,352,201,132,318,891,477,375,126,188
E05009326,Limehouse,E09000030,Tower Hamlets,6242,2354,135,1,,1095,72,46,43,82,1113,369,273,39,156,203,89,59,54,60
E05009327,Mile End,E09000030,Tower Hamlets,16232,3968,166,10,,1616,148,73,212,159,6852,365,327,160,366,797,457,265,137,153
E05009328,Poplar,E09000030,Tower Hamlets,7210,1566,72,2,,745,70,53,85,73,2910,291,158,69,220,402,192,142,64,96
E05009329,St Dunstan's,E09000030,Tower Hamlets,11726,2618,90,4,,910,133,66,111,135,5789,231,232,141,256,407,205,181,108,110
E05009330,St Katharine's & Wapping,E09000030,Tower Hamlets,10641,5023,263,16,,2190,183,40,66,125,1367,312,317,54,229,120,108,33,80,115
E05009331,St Peter's,E09000030,Tower Hamlets,18109,5873,357,14,,2311,214,128,184,285,6109,308,239,130,309,591,310,301,151,295
E05009332,Shadwell,E09000030,Tower Hamlets,12330,2266,150,4,,1075,117,56,89,108,6480,174,204,132,203,523,234,236,158,121
E05009333,Spitalfields & Banglatown,E09000030,Tower Hamlets,12640,3164,199,15,,2015,130,64,63,136,5126,222,272,177,220,342,123,117,108,146
E05009334,Stepney Green,E09000030,Tower Hamlets,11698,3026,150,3,,1010,118,50,109,120,5488,144,168,126,192,323,198,165,160,148
E05009335,Weavers,E09000030,Tower Hamlets,12674,4586,277,5,,1767,167,89,127,194,3676,178,143,66,220,473,246,170,109,179
E05009336,Whitechapel,E09000030,Tower Hamlets,13904,3409,234,11,,2006,165,61,72,160,5294,320,406,299,463,408,110,107,222,157
E05013882,Cann Hall,E09000031,Waltham Forest,16012,3540,206,11,,2888,125,230,325,314,663,250,629,1303,514,2158,1680,552,206,417
E05013883,Cathall,E09000031,Waltham Forest,10352,2064,129,18,,1967,86,109,185,171,466,133,487,1155,470,1105,944,347,252,262
E05013884,Chapel End,E09000031,Waltham Forest,13663,4516,211,42,,2137,187,175,295,237,181,75,271,1332,758,1066,1180,432,217,352
E05013885,Chingford Green,E09000031,Waltham Forest,11057,8464,198,6,,768,91,56,168,112,30,32,63,161,176,247,248,83,33,120
E05013886,Endlebury,E09000031,Waltham Forest,8448,5677,152,7,,651,81,38,135,118,47,56,143,284,154,313,278,123,40,151
E05013887,Forest,E09000031,Waltham Forest,14720,3531,268,12,,2019,145,109,213,173,328,194,815,2605,781,1156,1225,460,219,469
E05013888,Grove Green,E09000031,Waltham Forest,14681,3326,255,43,,3254,139,143,168,320,486,218,741,1752,758,927,1058,343,275,471
E05013889,Hale End & Highams Park South,E09000031,Waltham Forest,8197,4899,128,9,,586,97,70,203,145,85,55,175,339,201,361,438,170,35,201
E05013890,Hatch Lane & Highams Park North,E09000031,Waltham Forest,12388,8532,212,14,,875,131,60,223,147,95,62,219,285,212,411,449,184,65,212
E05013891,High Street,E09000031,Waltham Forest,9828,2637,139,6,,1762,123,77,123,131,119,105,326,1378,690,569,531,467,386,261
E05013892,Higham Hill,E09000031,Waltham Forest,11784,3669,148,40,,1723,105,98,269,182,168,88,266,1145,755,1120,1136,373,126,373
E05013893,Hoe Street,E09000031,Waltham Forest,13834,4356,184,12,,2241,138,267,232,243,176,194,392,1921,708,1019,870,310,218,354
E05013894,Larkswood,E09000031,Waltham Forest,11598,6621,188,11,,1113,111,64,260,177,112,61,273,475,309,503,733,210,94,285
E05013895,Lea Bridge,E09000031,Waltham Forest,13687,2508,155,40,,2289,123,120,233,244,183,158,716,2258,666,1322,1404,548,275,446
E05013896,Leyton,E09000031,Waltham Forest,12578,2423,173,9,,2119,112,135,211,191,383,164,482,1750,594,1381,1352,519,221,360
E05013897,Leytonstone,E09000031,Waltham Forest,12938,4370,253,11,,2136,171,111,206,228,343,132,1213,992,519,699,746,271,295,243
E05013898,Markhouse,E09000031,Waltham Forest,9425,1954,100,15,,1409,81,62,154,168,149,127,546,2103,675,656,611,222,137,255
E05013899,St James,E09000031,Waltham Forest,9593,3031,160,19,,1770,103,74,160,150,101,102,270,1151,413,603,677,295,187,326
E05013900,Upper Walthamstow,E09000031,Waltham Forest,7914,3013,152,4,,988,79,83,191,115,118,45,221,797,271,626,694,225,93,199
E05013901,Valley,E09000031,Waltham Forest,12956,6769,181,21,,1259,122,88,258,212,123,63,266,607,462,792,973,341,97,323
E05013902,William Morris,E09000031,Waltham Forest,13921,4141,233,11,,2333,150,118,204,277,198,216,380,1609,1160,962,914,391,204,420
E05013903,Wood Street,E09000031,Waltham Forest,8677,2957,135,8,,1185,104,115,151,136,80,49,240,948,451,819,700,270,101,229
E05014009,Balham,E09000032,Wandsworth,17133,11063,527,7,,2064,241,81,135,204,74,228,433,303,338,543,507,171,45,169
E05014010,Battersea Park,E09000032,Wandsworth,18272,7931,372,6,,3704,220,176,407,340,53,258,278,208,594,1443,1098,538,274,373
E05014011,East Putney,E09000032,Wandsworth,16011,9119,434,5,,3025,198,65,149,273,51,253,310,683,452,285,245,97,152,217
E05014012,Falconbrook,E09000032,Wandsworth,11006,4070,225,4,,1609,97,123,323,206,96,136,224,226,366,1482,1018,504,110,187
E05014013,Furzedown,E09000032,Wandsworth,17174,6897,393,16,,2303,209,192,397,317,108,169,810,924,908,1298,1373,500,110,250
E05014014,Lavender,E09000032,Wandsworth,12259,7781,404,11,,2008,184,56,125,140,32,125,158,57,185,338,365,120,60,112
E05014015,Nine Elms,E09000032,Wandsworth,391,174,7,0,,96,9,6,3,5,5,12,11,2,8,16,15,10,1,11
E05014016,Northcote,E09000032,Wandsworth,12719,8819,341,1,,1993,191,45,92,150,35,128,189,43,115,159,251,71,27,68
E05014017,Roehampton,E09000032,Wandsworth,17684,8131,346,17,,3189,211,165,448,322,73,178,352,554,804,1325,676,314,215,365
E05014018,St Mary's,E09000032,Wandsworth,11625,6060,292,5,,2301,171,79,121,161,20,205,309,73,310,563,447,122,178,208
E05014019,Shaftesbury & Queenstown,E09000032,Wandsworth,14706,7733,374,8,,1898,157,128,327,254,74,162,189,142,409,1176,868,458,134,216
E05014020,South Balham,E09000032,Wandsworth,10338,6412,293,7,,1184,154,63,158,149,36,107,270,244,182,355,427,169,39,89
E05014021,Southfields,E09000032,Wandsworth,11846,7469,295,1,,1954,140,60,65,158,17,131,253,502,227,141,210,68,42,112
E05014022,Thamesfield,E09000032,Wandsworth,14450,9840,390,2,,2455,172,56,82,168,16,170,226,94,272,165,107,62,47,127
E05014023,Tooting Bec,E09000032,Wandsworth,17430,6810,468,9,,2008,270,87,286,274,280,273,1554,1519,934,889,916,503,112,240
E05014024,Tooting Broadway,E09000032,Wandsworth,17125,5898,444,13,,2456,235,113,292,284,185,249,1166,1263,1435,1191,883,542,206,270
E05014025,Trinity,E09000032,Wandsworth,10912,6862,290,0,,1314,144,50,111,186,60,107,388,231,213,304,395,129,43,85
E05014026,Wandle,E09000032,Wandsworth,10427,6198,195,5,,1459,95,61,158,129,36,90,178,436,218,518,376,138,55,83
E05014027,Wandsworth Common,E09000032,Wandsworth,16523,10306,403,33,,2056,206,97,228,197,55,164,365,418,379,543,582,253,70,166
E05014028,Wandsworth Town,E09000032,Wandsworth,16144,9197,413,4,,2249,211,112,243,225,87,203,281,310,434,842,680,375,87,191
E05014029,West Hill,E09000032,Wandsworth,16402,7493,347,6,,3355,183,117,272,275,47,195,388,1244,536,657,499,284,219,285
E05014030,West Putney,E09000032,Wandsworth,16417,9476,412,2,,2967,190,102,220,262,53,174,311,241,451,586,358,217,125,272
E05013792,Abbey Road,E09000033,Westminster,13883,4862,245,5,,3526,242,65,48,188,132,341,850,256,936,376,83,93,1005,630
E05013793,Bayswater,E09000033,Westminster,13089,4708,288,3,,4114,267,94,104,289,165,353,324,100,569,335,131,120,657,469
E05013794,Church Street,E09000033,Westminster,11760,2611,225,2,,1665,184,168,151,214,1300,284,248,160,616,998,305,296,1611,722
E05013795,Harrow Road,E09000033,Westminster,11829,3490,369,6,,2263,192,139,210,272,644,113,215,84,444,683,889,336,903,576
E05013796,Hyde Park,E09000033,Westminster,10413,2799,181,5,,2471,187,77,45,188,129,319,445,246,593,375,64,72,1693,526
E05013797,Knightsbridge & Belgravia,E09000033,Westminster,13906,5164,234,2,,3960,222,113,86,228,223,507,488,158,690,400,119,123,769,420
E05013798,Lancaster Gate,E09000033,Westminster,13309,3725,199,4,,4692,302,118,87,298,157,568,445,126,625,348,74,128,886,527
E05013799,Little Venice,E09000033,Westminster,10633,4015,243,0,,2587,191,92,43,197,242,207,265,127,408,355,136,107,904,514
E05013800,Maida Vale,E09000033,Westminster,11428,4233,316,3,,2489,175,125,98,212,230,218,357,112,405,448,261,170,1046,530
E05013801,Marylebone,E09000033,Westminster,14629,5444,286,5,,4615,279,72,66,267,113,373,580,142,534,278,66,50,1008,453
E05013802,Pimlico North,E09000033,Westminster,11273,5731,293,11,,2580,135,57,45,179,260,200,212,97,385,331,168,86,269,236
E05013803,Pimlico South,E09000033,Westminster,11236,5436,304,4,,2054,131,79,112,156,391,200,128,77,426,578,158,130,486,387
E05013804,Queen's Park,E09000033,Westminster,12563,3711,439,0,,1801,129,218,311,267,838,79,151,78,553,978,1093,503,847,567
E05013805,Regent's Park,E09000033,Westminster,13811,4369,210,10,,3512,271,84,47,219,156,464,1164,223,976,389,99,85,977,556
E05013806,St James's,E09000033,Westminster,10247,4621,249,3,,2413,155,74,56,151,156,656,254,81,421,342,94,68,277,177
E05013807,Vincent Square,E09000033,Westminster,10569,4846,206,7,,2425,131,125,88,137,272,274,256,77,421,532,119,107,281,264
E05013808,West End,E09000033,Westminster,13072,4637,286,3,,3754,216,78,84,262,233,603,569,93,598,365,116,113,703,358
E05013809,Westbourne,E09000033,Westminster,11746,2932,390,3,,2040,174,150,189,292,657,158,262,89,505,1030,475,296,1403,701